Geo_Postal_Code,Geo_Lat,Geo_Lon,Geolocation_City,Geo_Country
NL-5211,"51,7000","5,3167",'s-Hertogenbosch,Netherlands
NL-5212,"51,7000","5,3167",'s-Hertogenbosch,Netherlands
NL-5213,"51,7000","5,3167",'s-Hertogenbosch,Netherlands
NL-5214,"51,7000","5,3167",'s-Hertogenbosch,Netherlands
NL-5215,"51,7000","5,3167",'s-Hertogenbosch,Netherlands
ES-15001,"43,3667","-8,3833",A Coruña,Spain
ES-15002,"43,3667","-8,3833",A Coruña,Spain
ES-15003,"43,3667","-8,3833",A Coruña,Spain
ES-15004,"43,3667","-8,3833",A Coruña,Spain
ES-15005,"43,3667","-8,3833",A Coruña,Spain
DE-52062,"50,7762","6,0838",Aachen,Germany
DE-52064,"50,7762","6,0838",Aachen,Germany
DE-52066,"50,7762","6,0838",Aachen,Germany
DE-52068,"50,7762","6,0838",Aachen,Germany
DE-52070,"50,7762","6,0838",Aachen,Germany
DK-9000,"57,0500","9,9167",Aalborg,Denmark
DK-9100,"57,0500","9,9167",Aalborg,Denmark
DK-9200,"57,0500","9,9167",Aalborg,Denmark
DK-9210,"57,0500","9,9167",Aalborg,Denmark
DK-9220,"57,0500","9,9167",Aalborg,Denmark
BE-9300,"50,9383","4,0392",Aalst,Belgium
BE-9308,"50,9383","4,0392",Aalst,Belgium
BE-9310,"50,9383","4,0392",Aalst,Belgium
BE-9320,"50,9383","4,0392",Aalst,Belgium
BE-9330,"50,9383","4,0392",Aalst,Belgium
DK-8000,"56,1564","10,2097",Aarhus,Denmark
DK-8200,"56,1564","10,2097",Aarhus,Denmark
DK-8210,"56,1564","10,2097",Aarhus,Denmark
DK-8220,"56,1564","10,2097",Aarhus,Denmark
DK-8230,"56,1564","10,2097",Aarhus,Denmark
FR-13080,"43,5278","5,4456",Aix-en-Provence,France
FR-13081,"43,5278","5,4456",Aix-en-Provence,France
FR-13082,"43,5278","5,4456",Aix-en-Provence,France
FR-13083,"43,5278","5,4456",Aix-en-Provence,France
FR-13084,"43,5278","5,4456",Aix-en-Provence,France
ES-3001,"38,3453","-0,4831",Alicante,Spain
ES-3002,"38,3453","-0,4831",Alicante,Spain
ES-3003,"38,3453","-0,4831",Alicante,Spain
ES-3004,"38,3453","-0,4831",Alicante,Spain
ES-3005,"38,3453","-0,4831",Alicante,Spain
PT-2800,"38,6760","-9,1650",Almada,Portugal
PT-2810,"38,6760","-9,1650",Almada,Portugal
PT-2820,"38,6760","-9,1650",Almada,Portugal
PT-2830,"38,6760","-9,1650",Almada,Portugal
PT-2840,"38,6760","-9,1650",Almada,Portugal
NL-1311,"52,3758","5,2256",Almere,Netherlands
NL-1312,"52,3758","5,2256",Almere,Netherlands
NL-1313,"52,3758","5,2256",Almere,Netherlands
NL-1314,"52,3758","5,2256",Almere,Netherlands
NL-1315,"52,3758","5,2256",Almere,Netherlands
PT-2700,"38,7500","-9,2333",Amadora,Portugal
PT-2705,"38,7500","-9,2333",Amadora,Portugal
PT-2710,"38,7500","-9,2333",Amadora,Portugal
PT-2720,"38,7500","-9,2333",Amadora,Portugal
PT-2730,"38,7500","-9,2333",Amadora,Portugal
NL-3811,"52,1500","5,3800",Amersfoort,Netherlands
NL-3812,"52,1500","5,3800",Amersfoort,Netherlands
NL-3813,"52,1500","5,3800",Amersfoort,Netherlands
NL-3814,"52,1500","5,3800",Amersfoort,Netherlands
NL-3815,"52,1500","5,3800",Amersfoort,Netherlands
NL-1011,"52,3728","4,8936",Amsterdam,Netherlands
NL-1012,"52,3728","4,8936",Amsterdam,Netherlands
NL-1013,"52,3728","4,8936",Amsterdam,Netherlands
NL-1014,"52,3728","4,8936",Amsterdam,Netherlands
NL-1015,"52,3728","4,8936",Amsterdam,Netherlands
BE-1070,"50,8392","4,3297",Anderlecht,Belgium
BE-1071,"50,8392","4,3297",Anderlecht,Belgium
BE-1072,"50,8392","4,3297",Anderlecht,Belgium
BE-1073,"50,8392","4,3297",Anderlecht,Belgium
BE-1074,"50,8392","4,3297",Anderlecht,Belgium
AD-AD500,"42,5078","1,5211",Andorra la Vella,Andorra 
AD-AD501,"42,5078","1,5211",Andorra la Vella,Andorra 
AD-AD502,"42,5078","1,5211",Andorra la Vella,Andorra 
AD-AD503,"42,5078","1,5211",Andorra la Vella,Andorra 
AD-AD504,"42,5078","1,5211",Andorra la Vella,Andorra 
FR-49000,"47,4728","-0,5556",Angers,France
FR-49100,"47,4728","-0,5556",Angers,France
FR-49200,"47,4728","-0,5556",Angers,France
FR-49300,"47,4728","-0,5556",Angers,France
FR-49400,"47,4728","-0,5556",Angers,France
TR-6410,"39,9358","32,8387",Ankara,Turkey
TR-6730,"39,9358","32,8387",Ankara,Turkey
TR-6780,"39,9358","32,8387",Ankara,Turkey
TR-6830,"39,9358","32,8387",Ankara,Turkey
TR-6030,"39,9358","32,8387",Ankara,Turkey
BE-2000,"51,2211","4,3997",Antwerp,Belgium
BE-2018,"51,2211","4,3997",Antwerp,Belgium
BE-2020,"51,2211","4,3997",Antwerp,Belgium
BE-2030,"51,2211","4,3997",Antwerp,Belgium
BE-2040,"51,2211","4,3997",Antwerp,Belgium
NL-7311,"52,2167","5,9500",Apeldoorn,Netherlands
NL-7312,"52,2167","5,9500",Apeldoorn,Netherlands
NL-7313,"52,2167","5,9500",Apeldoorn,Netherlands
NL-7314,"52,2167","5,9500",Apeldoorn,Netherlands
NL-7315,"52,2167","5,9500",Apeldoorn,Netherlands
NL-6811,"51,9851","5,8987",Arnhem,Netherlands
NL-6812,"51,9851","5,8987",Arnhem,Netherlands
NL-6813,"51,9851","5,8987",Arnhem,Netherlands
NL-6814,"51,9851","5,8987",Arnhem,Netherlands
NL-6815,"51,9851","5,8987",Arnhem,Netherlands
GR-10431,"37,9842","23,7281",Athens,Greece
GR-10552,"37,9842","23,7281",Athens,Greece
GR-10674,"37,9842","23,7281",Athens,Greece
GR-11144,"37,9842","23,7281",Athens,Greece
GR-11521,"37,9842","23,7281",Athens,Greece
DE-86150,"48,3689","10,8978",Augsburg,Germany
DE-86152,"48,3689","10,8978",Augsburg,Germany
DE-86154,"48,3689","10,8978",Augsburg,Germany
DE-86156,"48,3689","10,8978",Augsburg,Germany
DE-86158,"48,3689","10,8978",Augsburg,Germany
ES-8001,"41,3825","2,1769",Barcelona,Spain
ES-8002,"41,3825","2,1769",Barcelona,Spain
ES-8003,"41,3825","2,1769",Barcelona,Spain
ES-8004,"41,3825","2,1769",Barcelona,Spain
ES-8005,"41,3825","2,1769",Barcelona,Spain
IT-70121,"41,1253","16,8667",Bari,Italy
IT-70122,"41,1253","16,8667",Bari,Italy
IT-70123,"41,1253","16,8667",Bari,Italy
IT-70124,"41,1253","16,8667",Bari,Italy
IT-70125,"41,1253","16,8667",Bari,Italy
CH-4001,"47,5606","7,5906",Basel,Switzerland
CH-4002,"47,5606","7,5906",Basel,Switzerland
CH-4003,"47,5606","7,5906",Basel,Switzerland
CH-4004,"47,5606","7,5906",Basel,Switzerland
CH-4005,"47,5606","7,5906",Basel,Switzerland
RS-11000,"44,7866","20,4489",Belgrade,Serbia
RS-11010,"44,7866","20,4489",Belgrade,Serbia
RS-11030,"44,7866","20,4489",Belgrade,Serbia
RS-11040,"44,7866","20,4489",Belgrade,Serbia
RS-11050,"44,7866","20,4489",Belgrade,Serbia
NO-5003,"60,3925","5,3233",Bergen,Norway
NO-5004,"60,3925","5,3233",Bergen,Norway
NO-5005,"60,3925","5,3233",Bergen,Norway
NO-5006,"60,3925","5,3233",Bergen,Norway
NO-5007,"60,3925","5,3233",Bergen,Norway
DE-10115,"52,5200","13,4050",Berlin,Germany
DE-10117,"52,5200","13,4050",Berlin,Germany
DE-10119,"52,5200","13,4050",Berlin,Germany
DE-10178,"52,5200","13,4050",Berlin,Germany
DE-10179,"52,5200","13,4050",Berlin,Germany
CH-3001,"46,9480","7,4474",Bern,Switzerland
CH-3002,"46,9480","7,4474",Bern,Switzerland
CH-3003,"46,9480","7,4474",Bern,Switzerland
CH-3004,"46,9480","7,4474",Bern,Switzerland
CH-3005,"46,9480","7,4474",Bern,Switzerland
PL-15-001,"53,1167","23,1667",Białystok,Poland
PL-15-002,"53,1167","23,1667",Białystok,Poland
PL-15-003,"53,1167","23,1667",Białystok,Poland
PL-15-004,"53,1167","23,1667",Białystok,Poland
PL-15-005,"53,1167","23,1667",Białystok,Poland
CH-2501,"47,1372","7,2472",Biel/Bienne,Switzerland
CH-2502,"47,1372","7,2472",Biel/Bienne,Switzerland
CH-2503,"47,1372","7,2472",Biel/Bienne,Switzerland
CH-2504,"47,1372","7,2472",Biel/Bienne,Switzerland
CH-2505,"47,1372","7,2472",Biel/Bienne,Switzerland
DE-33602,"52,0167","8,5333",Bielefeld,Germany
DE-33604,"52,0167","8,5333",Bielefeld,Germany
DE-33607,"52,0167","8,5333",Bielefeld,Germany
DE-33609,"52,0167","8,5333",Bielefeld,Germany
DE-33611,"52,0167","8,5333",Bielefeld,Germany
ES-48001,"43,2622","-2,9533",Bilbao,Spain
ES-48002,"43,2622","-2,9533",Bilbao,Spain
ES-48003,"43,2622","-2,9533",Bilbao,Spain
ES-48004,"43,2622","-2,9533",Bilbao,Spain
ES-48005,"43,2622","-2,9533",Bilbao,Spain
GB-CH41,"53,3833","-3,0167",Birkenhead,United Kingdom
GB-CH42,"53,3833","-3,0167",Birkenhead,United Kingdom
GB-CH43,"53,3833","-3,0167",Birkenhead,United Kingdom
GB-CH44,"53,3833","-3,0167",Birkenhead,United Kingdom
GB-CH45,"53,3833","-3,0167",Birkenhead,United Kingdom
GB-B1,"52,4800","-1,9025",Birmingham,United Kingdom
GB-B2,"52,4800","-1,9025",Birmingham,United Kingdom
GB-B3,"52,4800","-1,9025",Birmingham,United Kingdom
GB-B4,"52,4800","-1,9025",Birmingham,United Kingdom
GB-B5,"52,4800","-1,9025",Birmingham,United Kingdom
DE-44787,"51,4833","7,2167",Bochum,Germany
DE-44789,"51,4833","7,2167",Bochum,Germany
DE-44791,"51,4833","7,2167",Bochum,Germany
DE-44801,"51,4833","7,2167",Bochum,Germany
DE-44803,"51,4833","7,2167",Bochum,Germany
IT-40121,"44,4939","11,3428",Bologna,Italy
IT-40122,"44,4939","11,3428",Bologna,Italy
IT-40123,"44,4939","11,3428",Bologna,Italy
IT-40124,"44,4939","11,3428",Bologna,Italy
IT-40125,"44,4939","11,3428",Bologna,Italy
DE-53111,"50,7339","7,0997",Bonn,Germany
DE-53113,"50,7339","7,0997",Bonn,Germany
DE-53115,"50,7339","7,0997",Bonn,Germany
DE-53117,"50,7339","7,0997",Bonn,Germany
DE-53119,"50,7339","7,0997",Bonn,Germany
FR-33000,"44,8378","-0,5794",Bordeaux,France
FR-33100,"44,8378","-0,5794",Bordeaux,France
FR-33200,"44,8378","-0,5794",Bordeaux,France
FR-33300,"44,8378","-0,5794",Bordeaux,France
FR-33400,"44,8378","-0,5794",Bordeaux,France
PT-4700,"41,5333","-8,4167",Braga,Portugal
PT-4710,"41,5333","-8,4167",Braga,Portugal
PT-4720,"41,5333","-8,4167",Braga,Portugal
PT-4730,"41,5333","-8,4167",Braga,Portugal
PT-4740,"41,5333","-8,4167",Braga,Portugal
SK-81101,"48,1447","17,1128",Bratislava,Slovakia
SK-82102,"48,1447","17,1128",Bratislava,Slovakia
SK-83103,"48,1447","17,1128",Bratislava,Slovakia
SK-84104,"48,1447","17,1128",Bratislava,Slovakia
SK-85105,"48,1447","17,1128",Bratislava,Slovakia
DE-38100,"52,2692","10,5211",Braunschweig,Germany
DE-38102,"52,2692","10,5211",Braunschweig,Germany
DE-38104,"52,2692","10,5211",Braunschweig,Germany
DE-38106,"52,2692","10,5211",Braunschweig,Germany
DE-38108,"52,2692","10,5211",Braunschweig,Germany
NL-4811,"51,5889","4,7758",Breda,Netherlands
NL-4812,"51,5889","4,7758",Breda,Netherlands
NL-4813,"51,5889","4,7758",Breda,Netherlands
NL-4814,"51,5889","4,7758",Breda,Netherlands
NL-4815,"51,5889","4,7758",Breda,Netherlands
DE-28195,"53,0758","8,8072",Bremen,Germany
DE-28197,"53,0758","8,8072",Bremen,Germany
DE-28199,"53,0758","8,8072",Bremen,Germany
DE-28201,"53,0758","8,8072",Bremen,Germany
DE-28203,"53,0758","8,8072",Bremen,Germany
IT-25121,"45,5389","10,2203",Brescia,Italy
IT-25122,"45,5389","10,2203",Brescia,Italy
IT-25123,"45,5389","10,2203",Brescia,Italy
IT-25124,"45,5389","10,2203",Brescia,Italy
IT-25125,"45,5389","10,2203",Brescia,Italy
FR-29200,"48,3900","-4,4869",Brest,France
FR-29210,"48,3900","-4,4869",Brest,France
FR-29220,"48,3900","-4,4869",Brest,France
FR-29230,"48,3900","-4,4869",Brest,France
FR-29240,"48,3900","-4,4869",Brest,France
GB-BS1,"51,4545","-2,5879",Bristol,United Kingdom
GB-BS2,"51,4545","-2,5879",Bristol,United Kingdom
GB-BS3,"51,4545","-2,5879",Bristol,United Kingdom
GB-BS4,"51,4545","-2,5879",Bristol,United Kingdom
GB-BS5,"51,4545","-2,5879",Bristol,United Kingdom
CZ-60000,"49,1953","16,6083",Brno,Czechia
CZ-60100,"49,1953","16,6083",Brno,Czechia
CZ-60200,"49,1953","16,6083",Brno,Czechia
CZ-60300,"49,1953","16,6083",Brno,Czechia
CZ-60400,"49,1953","16,6083",Brno,Czechia
BE-8000,"51,2089","3,2242",Bruges,Belgium
BE-8200,"51,2089","3,2242",Bruges,Belgium
BE-8310,"51,2089","3,2242",Bruges,Belgium
BE-8380,"51,2089","3,2242",Bruges,Belgium
BE-8400,"51,2089","3,2242",Bruges,Belgium
BE-1000,"50,8467","4,3525",Brussels,Belgium
BE-1020,"50,8467","4,3525",Brussels,Belgium
BE-1030,"50,8467","4,3525",Brussels,Belgium
BE-1040,"50,8467","4,3525",Brussels,Belgium
BE-1050,"50,8467","4,3525",Brussels,Belgium
TR-16000,"40,1913","29,0805",Bursa,Turkey
TR-16100,"40,1913","29,0805",Bursa,Turkey
TR-16200,"40,1913","29,0805",Bursa,Turkey
TR-16300,"40,1913","29,0805",Bursa,Turkey
TR-16400,"40,1913","29,0805",Bursa,Turkey
PL-85-001,"53,1167","18,0000",Bydgoszcz,Poland
PL-85-002,"53,1167","18,0000",Bydgoszcz,Poland
PL-85-003,"53,1167","18,0000",Bydgoszcz,Poland
PL-85-004,"53,1167","18,0000",Bydgoszcz,Poland
PL-85-005,"53,1167","18,0000",Bydgoszcz,Poland
GB-CF1,"51,4817","-3,1792",Cardiff,United Kingdom
GB-CF2,"51,4817","-3,1792",Cardiff,United Kingdom
GB-CF3,"51,4817","-3,1792",Cardiff,United Kingdom
GB-CF4,"51,4817","-3,1792",Cardiff,United Kingdom
GB-CF5,"51,4817","-3,1792",Cardiff,United Kingdom
PT-2750,"38,6970","-9,4215",Cascais,Portugal
PT-2755,"38,6970","-9,4215",Cascais,Portugal
PT-2765,"38,6970","-9,4215",Cascais,Portugal
PT-2775,"38,6970","-9,4215",Cascais,Portugal
PT-2785,"38,6970","-9,4215",Cascais,Portugal
IT-95121,"37,5027","15,0873",Catania,Italy
IT-95122,"37,5027","15,0873",Catania,Italy
IT-95123,"37,5027","15,0873",Catania,Italy
IT-95124,"37,5027","15,0873",Catania,Italy
IT-95125,"37,5027","15,0873",Catania,Italy
CZ-37001,"48,9747","14,4747",České Budějovice,Czechia
CZ-37002,"48,9747","14,4747",České Budějovice,Czechia
CZ-37003,"48,9747","14,4747",České Budějovice,Czechia
CZ-37004,"48,9747","14,4747",České Budějovice,Czechia
CZ-37005,"48,9747","14,4747",České Budějovice,Czechia
BE-6000,"50,4167","4,4442",Charleroi,Belgium
BE-6010,"50,4167","4,4442",Charleroi,Belgium
BE-6020,"50,4167","4,4442",Charleroi,Belgium
BE-6030,"50,4167","4,4442",Charleroi,Belgium
BE-6040,"50,4167","4,4442",Charleroi,Belgium
DE-9111,"50,8333","12,9167",Chemnitz,Germany
DE-9113,"50,8333","12,9167",Chemnitz,Germany
DE-9115,"50,8333","12,9167",Chemnitz,Germany
DE-9117,"50,8333","12,9167",Chemnitz,Germany
DE-9119,"50,8333","12,9167",Chemnitz,Germany
FR-63000,"45,7797","3,0869",Clermont-Ferrand,France
FR-63100,"45,7797","3,0869",Clermont-Ferrand,France
FR-63200,"45,7797","3,0869",Clermont-Ferrand,France
FR-63300,"45,7797","3,0869",Clermont-Ferrand,France
FR-63400,"45,7797","3,0869",Clermont-Ferrand,France
DE-50667,"50,9422","6,9578",Cologne,Germany
DE-50668,"50,9422","6,9578",Cologne,Germany
DE-50670,"50,9422","6,9578",Cologne,Germany
DE-50672,"50,9422","6,9578",Cologne,Germany
DE-50674,"50,9422","6,9578",Cologne,Germany
DK-1000,"55,6761","12,5689",Copenhagen,Denmark
DK-1050,"55,6761","12,5689",Copenhagen,Denmark
DK-1100,"55,6761","12,5689",Copenhagen,Denmark
DK-1150,"55,6761","12,5689",Copenhagen,Denmark
DK-1200,"55,6761","12,5689",Copenhagen,Denmark
ES-14001,"37,8833","-4,7667",Córdoba,Spain
ES-14002,"37,8833","-4,7667",Córdoba,Spain
ES-14003,"37,8833","-4,7667",Córdoba,Spain
ES-14004,"37,8833","-4,7667",Córdoba,Spain
ES-14005,"37,8833","-4,7667",Córdoba,Spain
GB-CV1,"52,4167","-1,5167",Coventry,United Kingdom
GB-CV2,"52,4167","-1,5167",Coventry,United Kingdom
GB-CV3,"52,4167","-1,5167",Coventry,United Kingdom
GB-CV4,"52,4167","-1,5167",Coventry,United Kingdom
GB-CV5,"52,4167","-1,5167",Coventry,United Kingdom
PL-42-200,"50,8096","19,1222",Częstochowa,Poland
PL-42-201,"50,8096","19,1222",Częstochowa,Poland
PL-42-202,"50,8096","19,1222",Częstochowa,Poland
PL-42-203,"50,8096","19,1222",Częstochowa,Poland
PL-42-204,"50,8096","19,1222",Częstochowa,Poland
LV-LV-5401,"55,8740","26,5362",Daugavpils,Latvia
LV-LV-5402,"55,8740","26,5362",Daugavpils,Latvia
LV-LV-5403,"55,8740","26,5362",Daugavpils,Latvia
LV-LV-5404,"55,8740","26,5362",Daugavpils,Latvia
LV-LV-5405,"55,8740","26,5362",Daugavpils,Latvia
FR-21000,"47,3231","5,0419",Dijon,France
FR-21100,"47,3231","5,0419",Dijon,France
FR-21200,"47,3231","5,0419",Dijon,France
FR-21300,"47,3231","5,0419",Dijon,France
FR-21400,"47,3231","5,0419",Dijon,France
AT-6850,"47,4167","9,7500",Dornbirn,Austria
AT-6851,"47,4167","9,7500",Dornbirn,Austria
AT-6852,"47,4167","9,7500",Dornbirn,Austria
AT-6853,"47,4167","9,7500",Dornbirn,Austria
AT-6854,"47,4167","9,7500",Dornbirn,Austria
DE-44135,"51,5139","7,4653",Dortmund,Germany
DE-44137,"51,5139","7,4653",Dortmund,Germany
DE-44139,"51,5139","7,4653",Dortmund,Germany
DE-44141,"51,5139","7,4653",Dortmund,Germany
DE-44143,"51,5139","7,4653",Dortmund,Germany
NO-3001,"59,7454","10,2060",Drammen,Norway
NO-3002,"59,7454","10,2060",Drammen,Norway
NO-3003,"59,7454","10,2060",Drammen,Norway
NO-3004,"59,7454","10,2060",Drammen,Norway
NO-3005,"59,7454","10,2060",Drammen,Norway
DE-1067,"51,0500","13,7400",Dresden,Germany
DE-1069,"51,0500","13,7400",Dresden,Germany
DE-1097,"51,0500","13,7400",Dresden,Germany
DE-1099,"51,0500","13,7400",Dresden,Germany
DE-1109,"51,0500","13,7400",Dresden,Germany
DE-47051,"51,4322","6,7611",Duisburg,Germany
DE-47053,"51,4322","6,7611",Duisburg,Germany
DE-47055,"51,4322","6,7611",Duisburg,Germany
DE-47057,"51,4322","6,7611",Duisburg,Germany
DE-47059,"51,4322","6,7611",Duisburg,Germany
DE-40210,"51,2311","6,7724",Düsseldorf,Germany
DE-40211,"51,2311","6,7724",Düsseldorf,Germany
DE-40212,"51,2311","6,7724",Düsseldorf,Germany
DE-40213,"51,2311","6,7724",Düsseldorf,Germany
DE-40215,"51,2311","6,7724",Düsseldorf,Germany
GB-EH1,"55,9533","-3,1892",Edinburgh,United Kingdom
GB-EH2,"55,9533","-3,1892",Edinburgh,United Kingdom
GB-EH3,"55,9533","-3,1892",Edinburgh,United Kingdom
GB-EH4,"55,9533","-3,1892",Edinburgh,United Kingdom
GB-EH5,"55,9533","-3,1892",Edinburgh,United Kingdom
NL-5611,"51,4344","5,4842",Eindhoven,Netherlands
NL-5612,"51,4344","5,4842",Eindhoven,Netherlands
NL-5613,"51,4344","5,4842",Eindhoven,Netherlands
NL-5614,"51,4344","5,4842",Eindhoven,Netherlands
NL-5615,"51,4344","5,4842",Eindhoven,Netherlands
ES-3201,"38,2669","-0,6983",Elche,Spain
ES-3202,"38,2669","-0,6983",Elche,Spain
ES-3203,"38,2669","-0,6983",Elche,Spain
ES-3204,"38,2669","-0,6983",Elche,Spain
ES-3205,"38,2669","-0,6983",Elche,Spain
NL-7511,"52,2225","6,8925",Enschede,Netherlands
NL-7512,"52,2225","6,8925",Enschede,Netherlands
NL-7513,"52,2225","6,8925",Enschede,Netherlands
NL-7514,"52,2225","6,8925",Enschede,Netherlands
NL-7515,"52,2225","6,8925",Enschede,Netherlands
DK-6700,"55,4708","8,4514",Esbjerg,Denmark
DK-6710,"55,4708","8,4514",Esbjerg,Denmark
DK-6720,"55,4708","8,4514",Esbjerg,Denmark
DK-6730,"55,4708","8,4514",Esbjerg,Denmark
DK-6740,"55,4708","8,4514",Esbjerg,Denmark
LU-L-4001,"49,4969","5,9806",Esch-sur-Alzette,Luxembourg
LU-L-4002,"49,4969","5,9806",Esch-sur-Alzette,Luxembourg
LU-L-4003,"49,4969","5,9806",Esch-sur-Alzette,Luxembourg
LU-L-4004,"49,4969","5,9806",Esch-sur-Alzette,Luxembourg
LU-L-4005,"49,4969","5,9806",Esch-sur-Alzette,Luxembourg
FI-2100,"60,2100","24,6600",Espoo,Finland
FI-2120,"60,2100","24,6600",Espoo,Finland
FI-2130,"60,2100","24,6600",Espoo,Finland
FI-2140,"60,2100","24,6600",Espoo,Finland
FI-2150,"60,2100","24,6600",Espoo,Finland
DE-45127,"51,4508","7,0131",Essen,Germany
DE-45128,"51,4508","7,0131",Essen,Germany
DE-45130,"51,4508","7,0131",Essen,Germany
DE-45131,"51,4508","7,0131",Essen,Germany
DE-45133,"51,4508","7,0131",Essen,Germany
IT-50121,"43,7714","11,2542",Florence,Italy
IT-50122,"43,7714","11,2542",Florence,Italy
IT-50123,"43,7714","11,2542",Florence,Italy
IT-50124,"43,7714","11,2542",Florence,Italy
IT-50125,"43,7714","11,2542",Florence,Italy
DE-60311,"50,1106","8,6822",Frankfurt,Germany
DE-60313,"50,1106","8,6822",Frankfurt,Germany
DE-60314,"50,1106","8,6822",Frankfurt,Germany
DE-60316,"50,1106","8,6822",Frankfurt,Germany
DE-60318,"50,1106","8,6822",Frankfurt,Germany
PL-80-001,"54,3500","18,6667",Gdańsk,Poland
PL-80-002,"54,3500","18,6667",Gdańsk,Poland
PL-80-003,"54,3500","18,6667",Gdańsk,Poland
PL-80-004,"54,3500","18,6667",Gdańsk,Poland
PL-80-005,"54,3500","18,6667",Gdańsk,Poland
PL-81-001,"54,5175","18,5400",Gdynia,Poland
PL-81-002,"54,5175","18,5400",Gdynia,Poland
PL-81-003,"54,5175","18,5400",Gdynia,Poland
PL-81-004,"54,5175","18,5400",Gdynia,Poland
PL-81-005,"54,5175","18,5400",Gdynia,Poland
DE-45879,"51,5167","7,1000",Gelsenkirchen,Germany
DE-45881,"51,5167","7,1000",Gelsenkirchen,Germany
DE-45883,"51,5167","7,1000",Gelsenkirchen,Germany
DE-45885,"51,5167","7,1000",Gelsenkirchen,Germany
DE-45887,"51,5167","7,1000",Gelsenkirchen,Germany
CH-1201,"46,2000","6,1500",Geneva,Switzerland
CH-1202,"46,2000","6,1500",Geneva,Switzerland
CH-1203,"46,2000","6,1500",Geneva,Switzerland
CH-1204,"46,2000","6,1500",Geneva,Switzerland
CH-1205,"46,2000","6,1500",Geneva,Switzerland
IT-16121,"44,4072","8,9340",Genoa,Italy
IT-16122,"44,4072","8,9340",Genoa,Italy
IT-16123,"44,4072","8,9340",Genoa,Italy
IT-16124,"44,4072","8,9340",Genoa,Italy
IT-16125,"44,4072","8,9340",Genoa,Italy
BE-9000,"51,0536","3,7253",Ghent,Belgium
BE-9030,"51,0536","3,7253",Ghent,Belgium
BE-9040,"51,0536","3,7253",Ghent,Belgium
BE-9050,"51,0536","3,7253",Ghent,Belgium
BE-9060,"51,0536","3,7253",Ghent,Belgium
ES-33201,"43,5293","-5,6773",Gijón,Spain
ES-33202,"43,5293","-5,6773",Gijón,Spain
ES-33203,"43,5293","-5,6773",Gijón,Spain
ES-33204,"43,5293","-5,6773",Gijón,Spain
ES-33205,"43,5293","-5,6773",Gijón,Spain
GB-G1,"55,8611","-4,2500",Glasgow,United Kingdom
GB-G2,"55,8611","-4,2500",Glasgow,United Kingdom
GB-G3,"55,8611","-4,2500",Glasgow,United Kingdom
GB-G4,"55,8611","-4,2500",Glasgow,United Kingdom
GB-G5,"55,8611","-4,2500",Glasgow,United Kingdom
PT-4420,"41,1440","-8,5322",Gondomar,Portugal
PT-4430,"41,1440","-8,5322",Gondomar,Portugal
PT-4440,"41,1440","-8,5322",Gondomar,Portugal
PT-4450,"41,1440","-8,5322",Gondomar,Portugal
PT-4460,"41,1440","-8,5322",Gondomar,Portugal
SE-40010,"57,7075","11,9675",Gothenburg,Sweden
SE-40020,"57,7075","11,9675",Gothenburg,Sweden
SE-40030,"57,7075","11,9675",Gothenburg,Sweden
SE-40040,"57,7075","11,9675",Gothenburg,Sweden
SE-40050,"57,7075","11,9675",Gothenburg,Sweden
ES-18001,"37,1781","-3,6008",Granada,Spain
ES-18002,"37,1781","-3,6008",Granada,Spain
ES-18003,"37,1781","-3,6008",Granada,Spain
ES-18004,"37,1781","-3,6008",Granada,Spain
ES-18005,"37,1781","-3,6008",Granada,Spain
AT-8010,"47,0708","15,4386",Graz,Austria
AT-8020,"47,0708","15,4386",Graz,Austria
AT-8030,"47,0708","15,4386",Graz,Austria
AT-8040,"47,0708","15,4386",Graz,Austria
AT-8050,"47,0708","15,4386",Graz,Austria
FR-38000,"45,1869","5,7264",Grenoble,France
FR-38100,"45,1869","5,7264",Grenoble,France
FR-38200,"45,1869","5,7264",Grenoble,France
FR-38300,"45,1869","5,7264",Grenoble,France
FR-38400,"45,1869","5,7264",Grenoble,France
NL-9711,"53,2189","6,5675",Groningen,Netherlands
NL-9712,"53,2189","6,5675",Groningen,Netherlands
NL-9713,"53,2189","6,5675",Groningen,Netherlands
NL-9714,"53,2189","6,5675",Groningen,Netherlands
NL-9715,"53,2189","6,5675",Groningen,Netherlands
PT-4800,"41,4450","-8,2908",Guimarães,Portugal
PT-4810,"41,4450","-8,2908",Guimarães,Portugal
PT-4820,"41,4450","-8,2908",Guimarães,Portugal
PT-4830,"41,4450","-8,2908",Guimarães,Portugal
PT-4840,"41,4450","-8,2908",Guimarães,Portugal
NL-2031,"52,3803","4,6406",Haarlem,Netherlands
NL-2012,"52,3803","4,6406",Haarlem,Netherlands
NL-2013,"52,3803","4,6406",Haarlem,Netherlands
NL-2014,"52,3803","4,6406",Haarlem,Netherlands
NL-2024,"52,3803","4,6406",Haarlem,Netherlands
DE-20095,"53,5511","9,9937",Hamburg,Germany
DE-20097,"53,5511","9,9937",Hamburg,Germany
DE-20099,"53,5511","9,9937",Hamburg,Germany
DE-20144,"53,5511","9,9937",Hamburg,Germany
DE-20146,"53,5511","9,9937",Hamburg,Germany
DE-30159,"52,3744","9,7386",Hanover,Germany
DE-30161,"52,3744","9,7386",Hanover,Germany
DE-30163,"52,3744","9,7386",Hanover,Germany
DE-30165,"52,3744","9,7386",Hanover,Germany
DE-30167,"52,3744","9,7386",Hanover,Germany
BE-3500,"50,9305","5,3385",Hasselt,Belgium
BE-3501,"50,9305","5,3385",Hasselt,Belgium
BE-3502,"50,9305","5,3385",Hasselt,Belgium
BE-3503,"50,9305","5,3385",Hasselt,Belgium
BE-3504,"50,9305","5,3385",Hasselt,Belgium
SE-25001,"56,0424","12,7210",Helsingborg,Sweden
SE-25002,"56,0424","12,7210",Helsingborg,Sweden
SE-25003,"56,0424","12,7210",Helsingborg,Sweden
SE-25004,"56,0424","12,7210",Helsingborg,Sweden
SE-25005,"56,0424","12,7210",Helsingborg,Sweden
FI-100,"60,1756","24,9342",Helsinki,Finland
FI-120,"60,1756","24,9342",Helsinki,Finland
FI-130,"60,1756","24,9342",Helsinki,Finland
FI-140,"60,1756","24,9342",Helsinki,Finland
FI-150,"60,1756","24,9342",Helsinki,Finland
NL-2131,"52,3000","4,6667",Hoofddorp,Netherlands
NL-2132,"52,3000","4,6667",Hoofddorp,Netherlands
NL-2133,"52,3000","4,6667",Hoofddorp,Netherlands
NL-2134,"52,3000","4,6667",Hoofddorp,Netherlands
NL-2135,"52,3000","4,6667",Hoofddorp,Netherlands
DK-8700,"55,8619","9,8519",Horsens,Denmark
DK-8720,"55,8619","9,8519",Horsens,Denmark
DK-8730,"55,8619","9,8519",Horsens,Denmark
DK-8740,"55,8619","9,8519",Horsens,Denmark
DK-8750,"55,8619","9,8519",Horsens,Denmark
CZ-50001,"50,2092","15,8328",Hradec Králové,Czechia
CZ-50002,"50,2092","15,8328",Hradec Králové,Czechia
CZ-50003,"50,2092","15,8328",Hradec Králové,Czechia
CZ-50004,"50,2092","15,8328",Hradec Králové,Czechia
CZ-50005,"50,2092","15,8328",Hradec Králové,Czechia
AT-6010,"47,2683","11,3933",Innsbruck,Austria
AT-6020,"47,2683","11,3933",Innsbruck,Austria
AT-6030,"47,2683","11,3933",Innsbruck,Austria
AT-6040,"47,2683","11,3933",Innsbruck,Austria
AT-6050,"47,2683","11,3933",Innsbruck,Austria
TR-34457,"41,0100","28,9603",Istanbul,Turkey
TR-34340,"41,0100","28,9603",Istanbul,Turkey
TR-34360,"41,0100","28,9603",Istanbul,Turkey
TR-34728,"41,0100","28,9603",Istanbul,Turkey
TR-34742,"41,0100","28,9603",Istanbul,Turkey
BE-1050,"50,8331","4,3669",Ixelles,Belgium
BE-1051,"50,8331","4,3669",Ixelles,Belgium
BE-1052,"50,8331","4,3669",Ixelles,Belgium
BE-1053,"50,8331","4,3669",Ixelles,Belgium
BE-1054,"50,8331","4,3669",Ixelles,Belgium
TR-35540,"38,4127","27,1384",Izmir,Turkey
TR-35937,"38,4127","27,1384",Izmir,Turkey
TR-35600,"38,4127","27,1384",Izmir,Turkey
TR-35220,"38,4127","27,1384",Izmir,Turkey
TR-35080,"38,4127","27,1384",Izmir,Turkey
DE-76133,"49,0167","8,4000",Karlsruhe,Germany
DE-76135,"49,0167","8,4000",Karlsruhe,Germany
DE-76137,"49,0167","8,4000",Karlsruhe,Germany
DE-76139,"49,0167","8,4000",Karlsruhe,Germany
DE-76141,"49,0167","8,4000",Karlsruhe,Germany
LT-44100,"54,9000","23,9333",Kaunas,Lithuania
LT-44150,"54,9000","23,9333",Kaunas,Lithuania
LT-44200,"54,9000","23,9333",Kaunas,Lithuania
LT-44250,"54,9000","23,9333",Kaunas,Lithuania
LT-44300,"54,9000","23,9333",Kaunas,Lithuania
DE-24103,"54,3233","10,1394",Kiel,Germany
DE-24105,"54,3233","10,1394",Kiel,Germany
DE-24107,"54,3233","10,1394",Kiel,Germany
DE-24109,"54,3233","10,1394",Kiel,Germany
DE-24111,"54,3233","10,1394",Kiel,Germany
GB-HU1,"53,7444","-0,3325",Kingston upon Hull,United Kingdom
GB-HU2,"53,7444","-0,3325",Kingston upon Hull,United Kingdom
GB-HU3,"53,7444","-0,3325",Kingston upon Hull,United Kingdom
GB-HU4,"53,7444","-0,3325",Kingston upon Hull,United Kingdom
GB-HU5,"53,7444","-0,3325",Kingston upon Hull,United Kingdom
AT-9020,"46,6167","14,3000",Klagenfurt am Wörthersee,Austria
AT-9030,"46,6167","14,3000",Klagenfurt am Wörthersee,Austria
AT-9040,"46,6167","14,3000",Klagenfurt am Wörthersee,Austria
AT-9050,"46,6167","14,3000",Klagenfurt am Wörthersee,Austria
AT-9060,"46,6167","14,3000",Klagenfurt am Wörthersee,Austria
LT-91100,"55,7125","21,1350",Klaipėda,Lithuania
LT-91150,"55,7125","21,1350",Klaipėda,Lithuania
LT-91200,"55,7125","21,1350",Klaipėda,Lithuania
LT-91250,"55,7125","21,1350",Klaipėda,Lithuania
LT-91300,"55,7125","21,1350",Klaipėda,Lithuania
DK-6000,"55,4908","9,4722",Kolding,Denmark
DK-6040,"55,4908","9,4722",Kolding,Denmark
DK-6050,"55,4908","9,4722",Kolding,Denmark
DK-6060,"55,4908","9,4722",Kolding,Denmark
DK-6070,"55,4908","9,4722",Kolding,Denmark
BE-8500,"50,8275","3,2658",Kortrijk,Belgium
BE-8510,"50,8275","3,2658",Kortrijk,Belgium
BE-8520,"50,8275","3,2658",Kortrijk,Belgium
BE-8530,"50,8275","3,2658",Kortrijk,Belgium
BE-8540,"50,8275","3,2658",Kortrijk,Belgium
SK-4001,"48,7167","21,2500",Košice,Slovakia
SK-4002,"48,7167","21,2500",Košice,Slovakia
SK-4003,"48,7167","21,2500",Košice,Slovakia
SK-4004,"48,7167","21,2500",Košice,Slovakia
SK-4005,"48,7167","21,2500",Košice,Slovakia
RS-34000,"44,0142","20,9394",Kragujevac,Serbia
RS-34101,"44,0142","20,9394",Kragujevac,Serbia
RS-34200,"44,0142","20,9394",Kragujevac,Serbia
RS-34300,"44,0142","20,9394",Kragujevac,Serbia
RS-34400,"44,0142","20,9394",Kragujevac,Serbia
PL-30-001,"50,0647","19,9450",Kraków,Poland
PL-30-002,"50,0647","19,9450",Kraków,Poland
PL-30-003,"50,0647","19,9450",Kraków,Poland
PL-30-004,"50,0647","19,9450",Kraków,Poland
PL-30-005,"50,0647","19,9450",Kraków,Poland
SI-4000,"46,2389","14,3556",Kranj,Slovenia
SI-4101,"46,2389","14,3556",Kranj,Slovenia
SI-4202,"46,2389","14,3556",Kranj,Slovenia
SI-4303,"46,2389","14,3556",Kranj,Slovenia
SI-4404,"46,2389","14,3556",Kranj,Slovenia
ES-8901,"41,3589","2,0992",L'Hospitalet de Llobregat,Spain
ES-8902,"41,3589","2,0992",L'Hospitalet de Llobregat,Spain
ES-8903,"41,3589","2,0992",L'Hospitalet de Llobregat,Spain
ES-8904,"41,3589","2,0992",L'Hospitalet de Llobregat,Spain
ES-8905,"41,3589","2,0992",L'Hospitalet de Llobregat,Spain
BE-7100,"50,4778","4,1881",La Louvière,Belgium
BE-7110,"50,4778","4,1881",La Louvière,Belgium
BE-7120,"50,4778","4,1881",La Louvière,Belgium
BE-7130,"50,4778","4,1881",La Louvière,Belgium
BE-7140,"50,4778","4,1881",La Louvière,Belgium
ES-35001,"28,1272","-15,4314",Las Palmas de Gran Canaria,Spain
ES-35002,"28,1272","-15,4314",Las Palmas de Gran Canaria,Spain
ES-35003,"28,1272","-15,4314",Las Palmas de Gran Canaria,Spain
ES-35004,"28,1272","-15,4314",Las Palmas de Gran Canaria,Spain
ES-35005,"28,1272","-15,4314",Las Palmas de Gran Canaria,Spain
CH-1001,"46,5333","6,6333",Lausanne,Switzerland
CH-1002,"46,5333","6,6333",Lausanne,Switzerland
CH-1003,"46,5333","6,6333",Lausanne,Switzerland
CH-1004,"46,5333","6,6333",Lausanne,Switzerland
CH-1005,"46,5333","6,6333",Lausanne,Switzerland
FR-76600,"49,4942","0,1081",Le Havre,France
FR-76700,"49,4942","0,1081",Le Havre,France
FR-76800,"49,4942","0,1081",Le Havre,France
FR-76900,"49,4942","0,1081",Le Havre,France
FR-77000,"49,4942","0,1081",Le Havre,France
FR-72000,"48,0042","0,1969",Le Mans,France
FR-72100,"48,0042","0,1969",Le Mans,France
FR-72200,"48,0042","0,1969",Le Mans,France
FR-72300,"48,0042","0,1969",Le Mans,France
FR-72400,"48,0042","0,1969",Le Mans,France
GB-LS1,"53,7975","-1,5436",Leeds,United Kingdom
GB-LS2,"53,7975","-1,5436",Leeds,United Kingdom
GB-LS3,"53,7975","-1,5436",Leeds,United Kingdom
GB-LS4,"53,7975","-1,5436",Leeds,United Kingdom
GB-LS5,"53,7975","-1,5436",Leeds,United Kingdom
GB-LE1,"52,6333","-1,1333",Leicester,United Kingdom
GB-LE2,"52,6333","-1,1333",Leicester,United Kingdom
GB-LE3,"52,6333","-1,1333",Leicester,United Kingdom
GB-LE4,"52,6333","-1,1333",Leicester,United Kingdom
GB-LE5,"52,6333","-1,1333",Leicester,United Kingdom
NL-2311,"52,1600","4,4900",Leiden,Netherlands
NL-2312,"52,1600","4,4900",Leiden,Netherlands
NL-2313,"52,1600","4,4900",Leiden,Netherlands
NL-2314,"52,1600","4,4900",Leiden,Netherlands
NL-2315,"52,1600","4,4900",Leiden,Netherlands
DE-4103,"51,3400","12,3750",Leipzig,Germany
DE-4105,"51,3400","12,3750",Leipzig,Germany
DE-4107,"51,3400","12,3750",Leipzig,Germany
DE-4109,"51,3400","12,3750",Leipzig,Germany
DE-4129,"51,3400","12,3750",Leipzig,Germany
BE-3000,"50,8775","4,7044",Leuven,Belgium
BE-3001,"50,8775","4,7044",Leuven,Belgium
BE-3010,"50,8775","4,7044",Leuven,Belgium
BE-3012,"50,8775","4,7044",Leuven,Belgium
BE-3018,"50,8775","4,7044",Leuven,Belgium
CZ-46001,"50,7663","15,0562",Liberec,Czechia
CZ-46002,"50,7663","15,0562",Liberec,Czechia
CZ-46003,"50,7663","15,0562",Liberec,Czechia
CZ-46004,"50,7663","15,0562",Liberec,Czechia
CZ-46005,"50,7663","15,0562",Liberec,Czechia
BE-4000,"50,6397","5,5706",Liège,Belgium
BE-4020,"50,6397","5,5706",Liège,Belgium
BE-4030,"50,6397","5,5706",Liège,Belgium
BE-4040,"50,6397","5,5706",Liège,Belgium
BE-4050,"50,6397","5,5706",Liège,Belgium
LV-LV-3401,"56,5047","21,0108",Liepāja,Latvia
LV-LV-3402,"56,5047","21,0108",Liepāja,Latvia
LV-LV-3405,"56,5047","21,0108",Liepāja,Latvia
LV-LV-3407,"56,5047","21,0108",Liepāja,Latvia
LV-LV-3411,"56,5047","21,0108",Liepāja,Latvia
FR-59000,"50,6319","3,0575",Lille,France
FR-59100,"50,6319","3,0575",Lille,France
FR-59200,"50,6319","3,0575",Lille,France
FR-59300,"50,6319","3,0575",Lille,France
FR-59400,"50,6319","3,0575",Lille,France
SE-58001,"58,4094","15,6257",Linköping,Sweden
SE-58002,"58,4094","15,6257",Linköping,Sweden
SE-58003,"58,4094","15,6257",Linköping,Sweden
SE-58004,"58,4094","15,6257",Linköping,Sweden
SE-58005,"58,4094","15,6257",Linköping,Sweden
AT-4020,"48,3058","14,2864",Linz,Austria
AT-4030,"48,3058","14,2864",Linz,Austria
AT-4040,"48,3058","14,2864",Linz,Austria
AT-4050,"48,3058","14,2864",Linz,Austria
AT-4060,"48,3058","14,2864",Linz,Austria
PT-1000,"38,7169","-9,1399",Lisbon,Portugal
PT-1049,"38,7169","-9,1399",Lisbon,Portugal
PT-1050,"38,7169","-9,1399",Lisbon,Portugal
PT-1066,"38,7169","-9,1399",Lisbon,Portugal
PT-1067,"38,7169","-9,1399",Lisbon,Portugal
GB-L1,"53,4075","-2,9919",Liverpool,United Kingdom
GB-L2,"53,4075","-2,9919",Liverpool,United Kingdom
GB-L3,"53,4075","-2,9919",Liverpool,United Kingdom
GB-L4,"53,4075","-2,9919",Liverpool,United Kingdom
GB-L5,"53,4075","-2,9919",Liverpool,United Kingdom
SI-1000,"46,0514","14,5061",Ljubljana,Slovenia
SI-1101,"46,0514","14,5061",Ljubljana,Slovenia
SI-1202,"46,0514","14,5061",Ljubljana,Slovenia
SI-1303,"46,0514","14,5061",Ljubljana,Slovenia
SI-1404,"46,0514","14,5061",Ljubljana,Slovenia
PL-90-001,"51,7769","19,4547",Łódź,Poland
PL-90-002,"51,7769","19,4547",Łódź,Poland
PL-90-003,"51,7769","19,4547",Łódź,Poland
PL-90-004,"51,7769","19,4547",Łódź,Poland
PL-90-005,"51,7769","19,4547",Łódź,Poland
GB-E1,"51,5072","-0,1275",London,United Kingdom
GB-W1,"51,5072","-0,1275",London,United Kingdom
GB-SW1,"51,5072","-0,1275",London,United Kingdom
GB-NW1,"51,5072","-0,1275",London,United Kingdom
GB-SE1,"51,5072","-0,1275",London,United Kingdom
PT-2670,"38,8309","-9,1685",Loures,Portugal
PT-2675,"38,8309","-9,1685",Loures,Portugal
PT-2680,"38,8309","-9,1685",Loures,Portugal
PT-2685,"38,8309","-9,1685",Loures,Portugal
PT-2690,"38,8309","-9,1685",Loures,Portugal
PL-20-001,"51,2500","22,5667",Lublin,Poland
PL-20-002,"51,2500","22,5667",Lublin,Poland
PL-20-003,"51,2500","22,5667",Lublin,Poland
PL-20-004,"51,2500","22,5667",Lublin,Poland
PL-20-005,"51,2500","22,5667",Lublin,Poland
CH-6001,"47,0523","8,3059",Lucerne,Switzerland
CH-6002,"47,0523","8,3059",Lucerne,Switzerland
CH-6003,"47,0523","8,3059",Lucerne,Switzerland
CH-6004,"47,0523","8,3059",Lucerne,Switzerland
CH-6005,"47,0523","8,3059",Lucerne,Switzerland
CH-6900,"46,0103","8,9625",Lugano,Switzerland
CH-6901,"46,0103","8,9625",Lugano,Switzerland
CH-6902,"46,0103","8,9625",Lugano,Switzerland
CH-6903,"46,0103","8,9625",Lugano,Switzerland
CH-6904,"46,0103","8,9625",Lugano,Switzerland
LU-L-1009,"49,6106","6,1328",Luxembourg City,Luxembourg
LU-L-1010,"49,6106","6,1328",Luxembourg City,Luxembourg
LU-L-1011,"49,6106","6,1328",Luxembourg City,Luxembourg
LU-L-1012,"49,6106","6,1328",Luxembourg City,Luxembourg
LU-L-1013,"49,6106","6,1328",Luxembourg City,Luxembourg
FR-69001,"45,7589","4,8414",Lyon,France
FR-69002,"45,7589","4,8414",Lyon,France
FR-69003,"45,7589","4,8414",Lyon,France
FR-69004,"45,7589","4,8414",Lyon,France
FR-69005,"45,7589","4,8414",Lyon,France
NL-6211,"50,8667","5,6833",Maastricht,Netherlands
NL-6212,"50,8667","5,6833",Maastricht,Netherlands
NL-6213,"50,8667","5,6833",Maastricht,Netherlands
NL-6214,"50,8667","5,6833",Maastricht,Netherlands
NL-6215,"50,8667","5,6833",Maastricht,Netherlands
ES-28001,"40,4169","-3,7033",Madrid,Spain
ES-28002,"40,4169","-3,7033",Madrid,Spain
ES-28003,"40,4169","-3,7033",Madrid,Spain
ES-28004,"40,4169","-3,7033",Madrid,Spain
ES-28005,"40,4169","-3,7033",Madrid,Spain
ES-29001,"36,7167","-4,4167",Málaga,Spain
ES-29002,"36,7167","-4,4167",Málaga,Spain
ES-29003,"36,7167","-4,4167",Málaga,Spain
ES-29004,"36,7167","-4,4167",Málaga,Spain
ES-29005,"36,7167","-4,4167",Málaga,Spain
SE-20010,"55,5932","13,0214",Malmö,Sweden
SE-20020,"55,5932","13,0214",Malmö,Sweden
SE-20030,"55,5932","13,0214",Malmö,Sweden
SE-20040,"55,5932","13,0214",Malmö,Sweden
SE-20050,"55,5932","13,0214",Malmö,Sweden
GB-M1,"53,4667","-2,2333",Manchester,United Kingdom
GB-M2,"53,4667","-2,2333",Manchester,United Kingdom
GB-M3,"53,4667","-2,2333",Manchester,United Kingdom
GB-M4,"53,4667","-2,2333",Manchester,United Kingdom
GB-M5,"53,4667","-2,2333",Manchester,United Kingdom
DE-68159,"49,4878","8,4661",Mannheim,Germany
DE-68161,"49,4878","8,4661",Mannheim,Germany
DE-68163,"49,4878","8,4661",Mannheim,Germany
DE-68165,"49,4878","8,4661",Mannheim,Germany
DE-68167,"49,4878","8,4661",Mannheim,Germany
SI-2000,"46,5500","15,6333",Maribor,Slovenia
SI-2101,"46,5500","15,6333",Maribor,Slovenia
SI-2202,"46,5500","15,6333",Maribor,Slovenia
SI-2303,"46,5500","15,6333",Maribor,Slovenia
SI-2404,"46,5500","15,6333",Maribor,Slovenia
FR-13001,"43,2967","5,3764",Marseille,France
FR-13002,"43,2967","5,3764",Marseille,France
FR-13003,"43,2967","5,3764",Marseille,France
FR-13004,"43,2967","5,3764",Marseille,France
FR-13005,"43,2967","5,3764",Marseille,France
PT-4450,"41,1867","-8,6844",Matosinhos,Portugal
PT-4460,"41,1867","-8,6844",Matosinhos,Portugal
PT-4470,"41,1867","-8,6844",Matosinhos,Portugal
PT-4480,"41,1867","-8,6844",Matosinhos,Portugal
PT-4490,"41,1867","-8,6844",Matosinhos,Portugal
BE-2800,"51,0281","4,4803",Mechelen,Belgium
BE-2801,"51,0281","4,4803",Mechelen,Belgium
BE-2802,"51,0281","4,4803",Mechelen,Belgium
BE-2803,"51,0281","4,4803",Mechelen,Belgium
BE-2804,"51,0281","4,4803",Mechelen,Belgium
IT-98121,"38,1936","15,5542",Messina,Italy
IT-98122,"38,1936","15,5542",Messina,Italy
IT-98123,"38,1936","15,5542",Messina,Italy
IT-98124,"38,1936","15,5542",Messina,Italy
IT-98125,"38,1936","15,5542",Messina,Italy
IT-20121,"45,4669","9,1900",Milan,Italy
IT-20122,"45,4669","9,1900",Milan,Italy
IT-20123,"45,4669","9,1900",Milan,Italy
IT-20124,"45,4669","9,1900",Milan,Italy
IT-20125,"45,4669","9,1900",Milan,Italy
IT-41121,"44,6458","10,9257",Modena,Italy
IT-41122,"44,6458","10,9257",Modena,Italy
IT-41123,"44,6458","10,9257",Modena,Italy
IT-41124,"44,6458","10,9257",Modena,Italy
IT-41125,"44,6458","10,9257",Modena,Italy
DE-41061,"51,2000","6,4333",Mönchengladbach,Germany
DE-41063,"51,2000","6,4333",Mönchengladbach,Germany
DE-41065,"51,2000","6,4333",Mönchengladbach,Germany
DE-41067,"51,2000","6,4333",Mönchengladbach,Germany
DE-41069,"51,2000","6,4333",Mönchengladbach,Germany
BE-7000,"50,4550","3,9520",Mons,Belgium
BE-7010,"50,4550","3,9520",Mons,Belgium
BE-7020,"50,4550","3,9520",Mons,Belgium
BE-7030,"50,4550","3,9520",Mons,Belgium
BE-7040,"50,4550","3,9520",Mons,Belgium
FR-34000,"43,6109","3,8772",Montpellier,France
FR-34100,"43,6109","3,8772",Montpellier,France
FR-34200,"43,6109","3,8772",Montpellier,France
FR-34300,"43,6109","3,8772",Montpellier,France
FR-34400,"43,6109","3,8772",Montpellier,France
DE-80331,"48,1375","11,5750",Munich,Germany
DE-80333,"48,1375","11,5750",Munich,Germany
DE-80335,"48,1375","11,5750",Munich,Germany
DE-80337,"48,1375","11,5750",Munich,Germany
DE-80339,"48,1375","11,5750",Munich,Germany
DE-48143,"51,9625","7,6256",Münster,Germany
DE-48145,"51,9625","7,6256",Münster,Germany
DE-48147,"51,9625","7,6256",Münster,Germany
DE-48149,"51,9625","7,6256",Münster,Germany
DE-48151,"51,9625","7,6256",Münster,Germany
ES-30001,"37,9861","-1,1303",Murcia,Spain
ES-30002,"37,9861","-1,1303",Murcia,Spain
ES-30003,"37,9861","-1,1303",Murcia,Spain
ES-30004,"37,9861","-1,1303",Murcia,Spain
ES-30005,"37,9861","-1,1303",Murcia,Spain
BE-5000,"50,4667","4,8667",Namur,Belgium
BE-5001,"50,4667","4,8667",Namur,Belgium
BE-5002,"50,4667","4,8667",Namur,Belgium
BE-5003,"50,4667","4,8667",Namur,Belgium
BE-5004,"50,4667","4,8667",Namur,Belgium
FR-44000,"47,2172","-1,5539",Nantes,France
FR-44100,"47,2172","-1,5539",Nantes,France
FR-44200,"47,2172","-1,5539",Nantes,France
FR-44300,"47,2172","-1,5539",Nantes,France
FR-44400,"47,2172","-1,5539",Nantes,France
IT-80121,"40,8333","14,2500",Naples,Italy
IT-80122,"40,8333","14,2500",Naples,Italy
IT-80123,"40,8333","14,2500",Naples,Italy
IT-80124,"40,8333","14,2500",Naples,Italy
IT-80125,"40,8333","14,2500",Naples,Italy
GB-NP1,"51,5886","-2,9978",Newport,United Kingdom
GB-NP2,"51,5886","-2,9978",Newport,United Kingdom
GB-NP3,"51,5886","-2,9978",Newport,United Kingdom
GB-NP4,"51,5886","-2,9978",Newport,United Kingdom
GB-NP5,"51,5886","-2,9978",Newport,United Kingdom
FR-6000,"43,7019","7,2683",Nice,France
FR-6100,"43,7019","7,2683",Nice,France
FR-6200,"43,7019","7,2683",Nice,France
FR-6300,"43,7019","7,2683",Nice,France
FR-6400,"43,7019","7,2683",Nice,France
NL-6511,"51,8475","5,8625",Nijmegen,Netherlands
NL-6512,"51,8475","5,8625",Nijmegen,Netherlands
NL-6513,"51,8475","5,8625",Nijmegen,Netherlands
NL-6514,"51,8475","5,8625",Nijmegen,Netherlands
NL-6515,"51,8475","5,8625",Nijmegen,Netherlands
FR-30000,"43,8383","4,3597",Nîmes,France
FR-30100,"43,8383","4,3597",Nîmes,France
FR-30200,"43,8383","4,3597",Nîmes,France
FR-30300,"43,8383","4,3597",Nîmes,France
FR-30400,"43,8383","4,3597",Nîmes,France
RS-18000,"43,3192","21,8961",Niš,Serbia
RS-18101,"43,3192","21,8961",Niš,Serbia
RS-18200,"43,3192","21,8961",Niš,Serbia
RS-18300,"43,3192","21,8961",Niš,Serbia
RS-18400,"43,3192","21,8961",Niš,Serbia
SK-94901,"48,3147","18,0875",Nitra,Slovakia
SK-94902,"48,3147","18,0875",Nitra,Slovakia
SK-94903,"48,3147","18,0875",Nitra,Slovakia
SK-94904,"48,3147","18,0875",Nitra,Slovakia
SK-94905,"48,3147","18,0875",Nitra,Slovakia
RS-21000,"45,2644","19,8317",Novi Sad,Serbia
RS-21010,"45,2644","19,8317",Novi Sad,Serbia
RS-21020,"45,2644","19,8317",Novi Sad,Serbia
RS-21030,"45,2644","19,8317",Novi Sad,Serbia
RS-21101,"45,2644","19,8317",Novi Sad,Serbia
DE-90402,"49,4539","11,0775",Nuremberg,Germany
DE-90403,"49,4539","11,0775",Nuremberg,Germany
DE-90408,"49,4539","11,0775",Nuremberg,Germany
DE-90409,"49,4539","11,0775",Nuremberg,Germany
DE-90411,"49,4539","11,0775",Nuremberg,Germany
DK-5000,"55,4000","10,3833",Odense,Denmark
DK-5200,"55,4000","10,3833",Odense,Denmark
DK-5210,"55,4000","10,3833",Odense,Denmark
DK-5220,"55,4000","10,3833",Odense,Denmark
DK-5230,"55,4000","10,3833",Odense,Denmark
PT-2675,"38,7926","-9,1836",Odivelas,Portugal
PT-2685,"38,7926","-9,1836",Odivelas,Portugal
PT-2695,"38,7926","-9,1836",Odivelas,Portugal
PT-2705,"38,7926","-9,1836",Odivelas,Portugal
PT-2715,"38,7926","-9,1836",Odivelas,Portugal
PT-2780,"38,6979","-9,3017",Oeiras,Portugal
PT-2785,"38,6979","-9,3017",Oeiras,Portugal
PT-2790,"38,6979","-9,3017",Oeiras,Portugal
PT-2795,"38,6979","-9,3017",Oeiras,Portugal
PT-2800,"38,6979","-9,3017",Oeiras,Portugal
CZ-77900,"49,5938","17,2509",Olomouc,Czechia
CZ-77901,"49,5938","17,2509",Olomouc,Czechia
CZ-77902,"49,5938","17,2509",Olomouc,Czechia
CZ-77903,"49,5938","17,2509",Olomouc,Czechia
CZ-77904,"49,5938","17,2509",Olomouc,Czechia
SE-70001,"59,2669","15,1965",Örebro,Sweden
SE-70002,"59,2669","15,1965",Örebro,Sweden
SE-70003,"59,2669","15,1965",Örebro,Sweden
SE-70004,"59,2669","15,1965",Örebro,Sweden
SE-70005,"59,2669","15,1965",Örebro,Sweden
NO-0152,"59,9139","10,7522",Oslo,Norway
NO-0259,"59,9139","10,7522",Oslo,Norway
NO-0450,"59,9139","10,7522",Oslo,Norway
NO-0278,"59,9139","10,7522",Oslo,Norway
NO-0653,"59,9139","10,7522",Oslo,Norway
CZ-70030,"49,8356","18,2925",Ostrava,Czechia
CZ-70039,"49,8356","18,2925",Ostrava,Czechia
CZ-70040,"49,8356","18,2925",Ostrava,Czechia
CZ-70041,"49,8356","18,2925",Ostrava,Czechia
CZ-70042,"49,8356","18,2925",Ostrava,Czechia
IT-35121,"45,4064","11,8778",Padua,Italy
IT-35122,"45,4064","11,8778",Padua,Italy
IT-35123,"45,4064","11,8778",Padua,Italy
IT-35124,"45,4064","11,8778",Padua,Italy
IT-35125,"45,4064","11,8778",Padua,Italy
IT-90121,"38,1157","13,3613",Palermo,Italy
IT-90122,"38,1157","13,3613",Palermo,Italy
IT-90123,"38,1157","13,3613",Palermo,Italy
IT-90124,"38,1157","13,3613",Palermo,Italy
IT-90125,"38,1157","13,3613",Palermo,Italy
ES-7001,"39,5667","2,6497",Palma de Mallorca,Spain
ES-7002,"39,5667","2,6497",Palma de Mallorca,Spain
ES-7003,"39,5667","2,6497",Palma de Mallorca,Spain
ES-7004,"39,5667","2,6497",Palma de Mallorca,Spain
ES-7005,"39,5667","2,6497",Palma de Mallorca,Spain
CZ-53001,"50,0343","15,7812",Pardubice,Czechia
CZ-53002,"50,0343","15,7812",Pardubice,Czechia
CZ-53003,"50,0343","15,7812",Pardubice,Czechia
CZ-53004,"50,0343","15,7812",Pardubice,Czechia
CZ-53005,"50,0343","15,7812",Pardubice,Czechia
FR-75001,"48,8567","2,3522",Paris,France
FR-75002,"48,8567","2,3522",Paris,France
FR-75003,"48,8567","2,3522",Paris,France
FR-75015,"48,8567","2,3522",Paris,France
FR-75005,"48,8567","2,3522",Paris,France
IT-43121,"44,8015","10,3279",Parma,Italy
IT-43122,"44,8015","10,3279",Parma,Italy
IT-43123,"44,8015","10,3279",Parma,Italy
IT-43124,"44,8015","10,3279",Parma,Italy
IT-43125,"44,8015","10,3279",Parma,Italy
GR-18531,"37,9430","23,6469",Piraeus,Greece
GR-18536,"37,9430","23,6469",Piraeus,Greece
GR-18538,"37,9430","23,6469",Piraeus,Greece
GR-18539,"37,9430","23,6469",Piraeus,Greece
GR-18541,"37,9430","23,6469",Piraeus,Greece
CZ-30100,"49,7475","13,3776",Plzeň (Pilsen),Czechia
CZ-30200,"49,7475","13,3776",Plzeň (Pilsen),Czechia
CZ-30300,"49,7475","13,3776",Plzeň (Pilsen),Czechia
CZ-30400,"49,7475","13,3776",Plzeň (Pilsen),Czechia
CZ-30500,"49,7475","13,3776",Plzeň (Pilsen),Czechia
PT-4000,"41,1495","-8,6108",Porto,Portugal
PT-4050,"41,1495","-8,6108",Porto,Portugal
PT-4100,"41,1495","-8,6108",Porto,Portugal
PT-4150,"41,1495","-8,6108",Porto,Portugal
PT-4200,"41,1495","-8,6108",Porto,Portugal
PL-60-001,"52,4083","16,9336",Poznań,Poland
PL-60-002,"52,4083","16,9336",Poznań,Poland
PL-60-003,"52,4083","16,9336",Poznań,Poland
PL-60-004,"52,4083","16,9336",Poznań,Poland
PL-60-005,"52,4083","16,9336",Poznań,Poland
CZ-10000,"50,0755","14,4378",Prague,Czechia
CZ-10100,"50,0755","14,4378",Prague,Czechia
CZ-10200,"50,0755","14,4378",Prague,Czechia
CZ-10300,"50,0755","14,4378",Prague,Czechia
CZ-10400,"50,0755","14,4378",Prague,Czechia
IT-59100,"43,8808","11,0966",Prato,Italy
IT-59121,"43,8808","11,0966",Prato,Italy
IT-59122,"43,8808","11,0966",Prato,Italy
IT-59123,"43,8808","11,0966",Prato,Italy
IT-59124,"43,8808","11,0966",Prato,Italy
SK-8001,"49,0000","21,2333",Prešov,Slovakia
SK-8002,"49,0000","21,2333",Prešov,Slovakia
SK-8003,"49,0000","21,2333",Prešov,Slovakia
SK-8004,"49,0000","21,2333",Prešov,Slovakia
SK-8005,"49,0000","21,2333",Prešov,Slovakia
GB-PR1,"51,5680","-0,2980",Preston,United Kingdom
GB-PR2,"51,5680","-0,2980",Preston,United Kingdom
GB-PR3,"51,5680","-0,2980",Preston,United Kingdom
GB-PR4,"51,5680","-0,2980",Preston,United Kingdom
GB-PR5,"51,5680","-0,2980",Preston,United Kingdom
PL-26-600,"51,4036","21,1567",Radom,Poland
PL-26-601,"51,4036","21,1567",Radom,Poland
PL-26-602,"51,4036","21,1567",Radom,Poland
PL-26-603,"51,4036","21,1567",Radom,Poland
PL-26-604,"51,4036","21,1567",Radom,Poland
DK-8900,"56,4569","10,0392",Randers,Denmark
DK-8920,"56,4569","10,0392",Randers,Denmark
DK-8930,"56,4569","10,0392",Randers,Denmark
DK-8940,"56,4569","10,0392",Randers,Denmark
DK-8950,"56,4569","10,0392",Randers,Denmark
GB-RG1,"51,4543","-0,9781",Reading,United Kingdom
GB-RG2,"51,4543","-0,9781",Reading,United Kingdom
GB-RG3,"51,4543","-0,9781",Reading,United Kingdom
GB-RG4,"51,4543","-0,9781",Reading,United Kingdom
GB-RG5,"51,4543","-0,9781",Reading,United Kingdom
IT-89121,"38,1144","15,6500",Reggio Calabria,Italy
IT-89122,"38,1144","15,6500",Reggio Calabria,Italy
IT-89123,"38,1144","15,6500",Reggio Calabria,Italy
IT-89124,"38,1144","15,6500",Reggio Calabria,Italy
IT-89125,"38,1144","15,6500",Reggio Calabria,Italy
IT-42121,"44,7000","10,6333",Reggio Emilia,Italy
IT-42122,"44,7000","10,6333",Reggio Emilia,Italy
IT-42123,"44,7000","10,6333",Reggio Emilia,Italy
IT-42124,"44,7000","10,6333",Reggio Emilia,Italy
IT-42125,"44,7000","10,6333",Reggio Emilia,Italy
FR-51100,"49,2653","4,0286",Reims,France
FR-51200,"49,2653","4,0286",Reims,France
FR-51300,"49,2653","4,0286",Reims,France
FR-51400,"49,2653","4,0286",Reims,France
FR-51500,"49,2653","4,0286",Reims,France
FR-35000,"48,1142","-1,6808",Rennes,France
FR-35100,"48,1142","-1,6808",Rennes,France
FR-35200,"48,1142","-1,6808",Rennes,France
FR-35300,"48,1142","-1,6808",Rennes,France
FR-35400,"48,1142","-1,6808",Rennes,France
LV-LV-1001,"56,9475","24,1069",Riga,Latvia
LV-LV-1002,"56,9475","24,1069",Riga,Latvia
LV-LV-1003,"56,9475","24,1069",Riga,Latvia
LV-LV-1004,"56,9475","24,1069",Riga,Latvia
LV-LV-1005,"56,9475","24,1069",Riga,Latvia
HR-51000,"45,3333","14,4333",Rijeka,Croatia
HR-51010,"45,3333","14,4333",Rijeka,Croatia
HR-51020,"45,3333","14,4333",Rijeka,Croatia
HR-51030,"45,3333","14,4333",Rijeka,Croatia
HR-51040,"45,3333","14,4333",Rijeka,Croatia
IT-00100,"41,8931","12,4828",Rome,Italy
IT-00121,"41,8931","12,4828",Rome,Italy
IT-00135,"41,8931","12,4828",Rome,Italy
IT-00144,"41,8931","12,4828",Rome,Italy
IT-00155,"41,8931","12,4828",Rome,Italy
NL-3011,"51,9200","4,4800",Rotterdam,Netherlands
NL-3012,"51,9200","4,4800",Rotterdam,Netherlands
NL-3013,"51,9200","4,4800",Rotterdam,Netherlands
NL-3014,"51,9200","4,4800",Rotterdam,Netherlands
NL-3015,"51,9200","4,4800",Rotterdam,Netherlands
FR-93200,"48,9356","2,3539",Saint-Denis,France
FR-93210,"48,9356","2,3539",Saint-Denis,France
FR-93220,"48,9356","2,3539",Saint-Denis,France
FR-93230,"48,9356","2,3539",Saint-Denis,France
FR-93240,"48,9356","2,3539",Saint-Denis,France
FR-42000,"45,4339","4,3897",Saint-Étienne,France
FR-42100,"45,4339","4,3897",Saint-Étienne,France
FR-42200,"45,4339","4,3897",Saint-Étienne,France
FR-42300,"45,4339","4,3897",Saint-Étienne,France
FR-42400,"45,4339","4,3897",Saint-Étienne,France
AT-5020,"47,8000","13,0450",Salzburg,Austria
AT-5030,"47,8000","13,0450",Salzburg,Austria
AT-5040,"47,8000","13,0450",Salzburg,Austria
AT-5050,"47,8000","13,0450",Salzburg,Austria
AT-5060,"47,8000","13,0450",Salzburg,Austria
AT-3100,"48,2000","15,6167",Sankt Pölten,Austria
AT-3104,"48,2000","15,6167",Sankt Pölten,Austria
AT-3105,"48,2000","15,6167",Sankt Pölten,Austria
AT-3106,"48,2000","15,6167",Sankt Pölten,Austria
AT-3107,"48,2000","15,6167",Sankt Pölten,Austria
BE-1030,"50,8675","4,3736",Schaerbeek,Belgium
BE-1031,"50,8675","4,3736",Schaerbeek,Belgium
BE-1032,"50,8675","4,3736",Schaerbeek,Belgium
BE-1033,"50,8675","4,3736",Schaerbeek,Belgium
BE-1034,"50,8675","4,3736",Schaerbeek,Belgium
PT-2840,"38,6404","-9,0972",Seixal,Portugal
PT-2850,"38,6404","-9,0972",Seixal,Portugal
PT-2860,"38,6404","-9,0972",Seixal,Portugal
PT-2870,"38,6404","-9,0972",Seixal,Portugal
PT-2880,"38,6404","-9,0972",Seixal,Portugal
ES-41001,"37,3833","-5,9833",Seville,Spain
ES-41002,"37,3833","-5,9833",Seville,Spain
ES-41003,"37,3833","-5,9833",Seville,Spain
ES-41004,"37,3833","-5,9833",Seville,Spain
ES-41005,"37,3833","-5,9833",Seville,Spain
GB-S1,"53,3808","-1,4703",Sheffield,United Kingdom
GB-S2,"53,3808","-1,4703",Sheffield,United Kingdom
GB-S3,"53,3808","-1,4703",Sheffield,United Kingdom
GB-S4,"53,3808","-1,4703",Sheffield,United Kingdom
GB-S5,"53,3808","-1,4703",Sheffield,United Kingdom
BE-1080,"50,8547","4,3386",Sint-Jans-Molenbeek,Belgium
BE-1081,"50,8547","4,3386",Sint-Jans-Molenbeek,Belgium
BE-1082,"50,8547","4,3386",Sint-Jans-Molenbeek,Belgium
BE-1083,"50,8547","4,3386",Sint-Jans-Molenbeek,Belgium
BE-1084,"50,8547","4,3386",Sint-Jans-Molenbeek,Belgium
BE-9100,"51,1644","4,1392",Sint-Niklaas,Belgium
BE-9110,"51,1644","4,1392",Sint-Niklaas,Belgium
BE-9120,"51,1644","4,1392",Sint-Niklaas,Belgium
BE-9130,"51,1644","4,1392",Sint-Niklaas,Belgium
BE-9140,"51,1644","4,1392",Sint-Niklaas,Belgium
PT-2710,"38,8029","-9,3817",Sintra,Portugal
PT-2715,"38,8029","-9,3817",Sintra,Portugal
PT-2725,"38,8029","-9,3817",Sintra,Portugal
PT-2735,"38,8029","-9,3817",Sintra,Portugal
PT-2745,"38,8029","-9,3817",Sintra,Portugal
PL-41-200,"50,3000","19,1667",Sosnowiec,Poland
PL-41-201,"50,3000","19,1667",Sosnowiec,Poland
PL-41-202,"50,3000","19,1667",Sosnowiec,Poland
PL-41-203,"50,3000","19,1667",Sosnowiec,Poland
PL-41-204,"50,3000","19,1667",Sosnowiec,Poland
HR-21000,"43,5100","16,4400",Split,Croatia
HR-21010,"43,5100","16,4400",Split,Croatia
HR-21020,"43,5100","16,4400",Split,Croatia
HR-21030,"43,5100","16,4400",Split,Croatia
HR-21040,"43,5100","16,4400",Split,Croatia
CH-9000,"47,4245","9,3767",St. Gallen,Switzerland
CH-9001,"47,4245","9,3767",St. Gallen,Switzerland
CH-9002,"47,4245","9,3767",St. Gallen,Switzerland
CH-9003,"47,4245","9,3767",St. Gallen,Switzerland
CH-9004,"47,4245","9,3767",St. Gallen,Switzerland
NO-4001,"58,9412","5,7154",Stavanger/Sandnes,Norway
NO-4002,"58,9412","5,7154",Stavanger/Sandnes,Norway
NO-4003,"58,9412","5,7154",Stavanger/Sandnes,Norway
NO-4004,"58,9412","5,7154",Stavanger/Sandnes,Norway
NO-4005,"58,9412","5,7154",Stavanger/Sandnes,Norway
SE-10012,"59,3294","18,0686",Stockholm,Sweden
SE-10026,"59,3294","18,0686",Stockholm,Sweden
SE-10028,"59,3294","18,0686",Stockholm,Sweden
SE-10029,"59,3294","18,0686",Stockholm,Sweden
SE-10031,"59,3294","18,0686",Stockholm,Sweden
GB-ST1,"53,0000","-2,1833",Stoke-on-Trent,United Kingdom
GB-ST2,"53,0000","-2,1833",Stoke-on-Trent,United Kingdom
GB-ST3,"53,0000","-2,1833",Stoke-on-Trent,United Kingdom
GB-ST4,"53,0000","-2,1833",Stoke-on-Trent,United Kingdom
GB-ST5,"53,0000","-2,1833",Stoke-on-Trent,United Kingdom
FR-67000,"48,5733","7,7522",Strasbourg,France
FR-67100,"48,5733","7,7522",Strasbourg,France
FR-67200,"48,5733","7,7522",Strasbourg,France
FR-67300,"48,5733","7,7522",Strasbourg,France
FR-67400,"48,5733","7,7522",Strasbourg,France
DE-70173,"48,7775","9,1800",Stuttgart,Germany
DE-70174,"48,7775","9,1800",Stuttgart,Germany
DE-70176,"48,7775","9,1800",Stuttgart,Germany
DE-70178,"48,7775","9,1800",Stuttgart,Germany
DE-70180,"48,7775","9,1800",Stuttgart,Germany
RS-24000,"46,0983","19,6700",Subotica,Serbia
RS-24101,"46,0983","19,6700",Subotica,Serbia
RS-24200,"46,0983","19,6700",Subotica,Serbia
RS-24300,"46,0983","19,6700",Subotica,Serbia
RS-24400,"46,0983","19,6700",Subotica,Serbia
GB-SR1,"54,9061","-1,3811",Sunderland,United Kingdom
GB-SR2,"54,9061","-1,3811",Sunderland,United Kingdom
GB-SR3,"54,9061","-1,3811",Sunderland,United Kingdom
GB-SR4,"54,9061","-1,3811",Sunderland,United Kingdom
GB-SR5,"54,9061","-1,3811",Sunderland,United Kingdom
GB-SA1,"51,6167","-3,9500",Swansea,United Kingdom
GB-SA2,"51,6167","-3,9500",Swansea,United Kingdom
GB-SA3,"51,6167","-3,9500",Swansea,United Kingdom
GB-SA4,"51,6167","-3,9500",Swansea,United Kingdom
GB-SA5,"51,6167","-3,9500",Swansea,United Kingdom
PL-70-001,"53,4247","14,5553",Szczecin,Poland
PL-70-002,"53,4247","14,5553",Szczecin,Poland
PL-70-003,"53,4247","14,5553",Szczecin,Poland
PL-70-004,"53,4247","14,5553",Szczecin,Poland
PL-70-005,"53,4247","14,5553",Szczecin,Poland
EE-10111,"59,4372","24,7450",Tallinn,Estonia
EE-10112,"59,4372","24,7450",Tallinn,Estonia
EE-10113,"59,4372","24,7450",Tallinn,Estonia
EE-10114,"59,4372","24,7450",Tallinn,Estonia
EE-10115,"59,4372","24,7450",Tallinn,Estonia
IT-74121,"40,4711","17,2431",Taranto,Italy
IT-74122,"40,4711","17,2431",Taranto,Italy
IT-74123,"40,4711","17,2431",Taranto,Italy
IT-74124,"40,4711","17,2431",Taranto,Italy
IT-74125,"40,4711","17,2431",Taranto,Italy
EE-51001,"58,3800","26,7225",Tartu,Estonia
EE-51002,"58,3800","26,7225",Tartu,Estonia
EE-51003,"58,3800","26,7225",Tartu,Estonia
EE-51004,"58,3800","26,7225",Tartu,Estonia
EE-51005,"58,3800","26,7225",Tartu,Estonia
ES-8221,"41,5611","2,0081",Terrassa,Spain
ES-8222,"41,5611","2,0081",Terrassa,Spain
ES-8223,"41,5611","2,0081",Terrassa,Spain
ES-8224,"41,5611","2,0081",Terrassa,Spain
ES-8225,"41,5611","2,0081",Terrassa,Spain
NL-2511,"52,0800","4,3100",The Hague (Den Haag),Netherlands
NL-2512,"52,0800","4,3100",The Hague (Den Haag),Netherlands
NL-2513,"52,0800","4,3100",The Hague (Den Haag),Netherlands
NL-2514,"52,0800","4,3100",The Hague (Den Haag),Netherlands
NL-2515,"52,0800","4,3100",The Hague (Den Haag),Netherlands
GR-54621,"40,6403","22,9356",Thessaloniki,Greece
GR-54623,"40,6403","22,9356",Thessaloniki,Greece
GR-54625,"40,6403","22,9356",Thessaloniki,Greece
GR-54630,"40,6403","22,9356",Thessaloniki,Greece
GR-54645,"40,6403","22,9356",Thessaloniki,Greece
NL-5011,"51,5700","5,0700",Tilburg,Netherlands
NL-5012,"51,5700","5,0700",Tilburg,Netherlands
NL-5013,"51,5700","5,0700",Tilburg,Netherlands
NL-5014,"51,5700","5,0700",Tilburg,Netherlands
NL-5015,"51,5700","5,0700",Tilburg,Netherlands
PL-87-100,"53,0167","18,6167",Toruń,Poland
PL-87-101,"53,0167","18,6167",Toruń,Poland
PL-87-102,"53,0167","18,6167",Toruń,Poland
PL-87-103,"53,0167","18,6167",Toruń,Poland
PL-87-104,"53,0167","18,6167",Toruń,Poland
FR-83000,"43,1250","5,9306",Toulon,France
FR-83100,"43,1250","5,9306",Toulon,France
FR-83200,"43,1250","5,9306",Toulon,France
FR-83300,"43,1250","5,9306",Toulon,France
FR-83400,"43,1250","5,9306",Toulon,France
FR-31000,"43,6044","1,4439",Toulouse,France
FR-31100,"43,6044","1,4439",Toulouse,France
FR-31200,"43,6044","1,4439",Toulouse,France
FR-31300,"43,6044","1,4439",Toulouse,France
FR-31400,"43,6044","1,4439",Toulouse,France
IT-34121,"45,6503","13,7703",Trieste,Italy
IT-34122,"45,6503","13,7703",Trieste,Italy
IT-34123,"45,6503","13,7703",Trieste,Italy
IT-34124,"45,6503","13,7703",Trieste,Italy
IT-34125,"45,6503","13,7703",Trieste,Italy
NO-7003,"63,4400","10,4000",Trondheim,Norway
NO-7004,"63,4400","10,4000",Trondheim,Norway
NO-7005,"63,4400","10,4000",Trondheim,Norway
NO-7006,"63,4400","10,4000",Trondheim,Norway
NO-7007,"63,4400","10,4000",Trondheim,Norway
IT-10121,"45,0792","7,6761",Turin,Italy
IT-10122,"45,0792","7,6761",Turin,Italy
IT-10123,"45,0792","7,6761",Turin,Italy
IT-10124,"45,0792","7,6761",Turin,Italy
IT-10125,"45,0792","7,6761",Turin,Italy
BE-1180,"50,8036","4,3339",Uccle,Belgium
BE-1181,"50,8036","4,3339",Uccle,Belgium
BE-1182,"50,8036","4,3339",Uccle,Belgium
BE-1183,"50,8036","4,3339",Uccle,Belgium
BE-1184,"50,8036","4,3339",Uccle,Belgium
SE-75001,"59,8498","17,6389",Uppsala,Sweden
SE-75002,"59,8498","17,6389",Uppsala,Sweden
SE-75003,"59,8498","17,6389",Uppsala,Sweden
SE-75004,"59,8498","17,6389",Uppsala,Sweden
SE-75005,"59,8498","17,6389",Uppsala,Sweden
CZ-40001,"50,6592","14,0417",Ústí nad Labem,Czechia
CZ-40002,"50,6592","14,0417",Ústí nad Labem,Czechia
CZ-40003,"50,6592","14,0417",Ústí nad Labem,Czechia
CZ-40004,"50,6592","14,0417",Ústí nad Labem,Czechia
CZ-40005,"50,6592","14,0417",Ústí nad Labem,Czechia
NL-3511,"52,0908","5,1217",Utrecht,Netherlands
NL-3512,"52,0908","5,1217",Utrecht,Netherlands
NL-3513,"52,0908","5,1217",Utrecht,Netherlands
NL-3514,"52,0908","5,1217",Utrecht,Netherlands
NL-3515,"52,0908","5,1217",Utrecht,Netherlands
ES-46001,"39,4700","-0,3764",Valencia,Spain
ES-46002,"39,4700","-0,3764",Valencia,Spain
ES-46003,"39,4700","-0,3764",Valencia,Spain
ES-46004,"39,4700","-0,3764",Valencia,Spain
ES-46005,"39,4700","-0,3764",Valencia,Spain
ES-47001,"41,6520","-4,7286",Valladolid,Spain
ES-47002,"41,6520","-4,7286",Valladolid,Spain
ES-47003,"41,6520","-4,7286",Valladolid,Spain
ES-47004,"41,6520","-4,7286",Valladolid,Spain
ES-47005,"41,6520","-4,7286",Valladolid,Spain
SE-72001,"59,6173","16,5422",Västerås,Sweden
SE-72002,"59,6173","16,5422",Västerås,Sweden
SE-72003,"59,6173","16,5422",Västerås,Sweden
SE-72004,"59,6173","16,5422",Västerås,Sweden
SE-72005,"59,6173","16,5422",Västerås,Sweden
IT-30121,"45,4397","12,3319",Venice,Italy
IT-30122,"45,4397","12,3319",Venice,Italy
IT-30123,"45,4397","12,3319",Venice,Italy
IT-30124,"45,4397","12,3319",Venice,Italy
IT-30125,"45,4397","12,3319",Venice,Italy
IT-37121,"45,4386","10,9928",Verona,Italy
IT-37122,"45,4386","10,9928",Verona,Italy
IT-37123,"45,4386","10,9928",Verona,Italy
IT-37124,"45,4386","10,9928",Verona,Italy
IT-37125,"45,4386","10,9928",Verona,Italy
AT-1010,"48,2082","16,3738",Vienna,Austria
AT-1020,"48,2082","16,3738",Vienna,Austria
AT-1030,"48,2082","16,3738",Vienna,Austria
AT-1040,"48,2082","16,3738",Vienna,Austria
AT-1050,"48,2082","16,3738",Vienna,Austria
ES-36201,"42,2358","-8,7267",Vigo,Spain
ES-36202,"42,2358","-8,7267",Vigo,Spain
ES-36203,"42,2358","-8,7267",Vigo,Spain
ES-36204,"42,2358","-8,7267",Vigo,Spain
ES-36205,"42,2358","-8,7267",Vigo,Spain
PT-4400,"41,1333","-8,6167",Vila Nova de Gaia,Portugal
PT-4410,"41,1333","-8,6167",Vila Nova de Gaia,Portugal
PT-4430,"41,1333","-8,6167",Vila Nova de Gaia,Portugal
PT-4431,"41,1333","-8,6167",Vila Nova de Gaia,Portugal
PT-4435,"41,1333","-8,6167",Vila Nova de Gaia,Portugal
AT-9500,"46,6167","13,8333",Villach,Austria
AT-9510,"46,6167","13,8333",Villach,Austria
AT-9520,"46,6167","13,8333",Villach,Austria
AT-9530,"46,6167","13,8333",Villach,Austria
AT-9540,"46,6167","13,8333",Villach,Austria
FR-69100,"45,7661","4,8794",Villeurbanne,France
FR-69200,"45,7661","4,8794",Villeurbanne,France
FR-69300,"45,7661","4,8794",Villeurbanne,France
FR-69400,"45,7661","4,8794",Villeurbanne,France
FR-69500,"45,7661","4,8794",Villeurbanne,France
LT-1100,"54,6872","25,2800",Vilnius,Lithuania
LT-1108,"54,6872","25,2800",Vilnius,Lithuania
LT-1118,"54,6872","25,2800",Vilnius,Lithuania
LT-1200,"54,6872","25,2800",Vilnius,Lithuania
LT-1309,"54,6872","25,2800",Vilnius,Lithuania
ES-1001,"42,8467","-2,6731",Vitoria-Gasteiz,Spain
ES-1002,"42,8467","-2,6731",Vitoria-Gasteiz,Spain
ES-1003,"42,8467","-2,6731",Vitoria-Gasteiz,Spain
ES-1004,"42,8467","-2,6731",Vitoria-Gasteiz,Spain
ES-1005,"42,8467","-2,6731",Vitoria-Gasteiz,Spain
PL-00-001,"52,2300","21,0111",Warsaw,Poland
PL-00-002,"52,2300","21,0111",Warsaw,Poland
PL-00-003,"52,2300","21,0111",Warsaw,Poland
PL-00-004,"52,2300","21,0111",Warsaw,Poland
PL-00-005,"52,2300","21,0111",Warsaw,Poland
AT-4600,"48,1500","14,0167",Wels,Austria
AT-4610,"48,1500","14,0167",Wels,Austria
AT-4620,"48,1500","14,0167",Wels,Austria
AT-4630,"48,1500","14,0167",Wels,Austria
AT-4640,"48,1500","14,0167",Wels,Austria
DE-65183,"50,0825","8,2400",Wiesbaden,Germany
DE-65185,"50,0825","8,2400",Wiesbaden,Germany
DE-65187,"50,0825","8,2400",Wiesbaden,Germany
DE-65189,"50,0825","8,2400",Wiesbaden,Germany
DE-65191,"50,0825","8,2400",Wiesbaden,Germany
CH-8400,"47,4992","8,7267",Winterthur,Switzerland
CH-8401,"47,4992","8,7267",Winterthur,Switzerland
CH-8402,"47,4992","8,7267",Winterthur,Switzerland
CH-8403,"47,4992","8,7267",Winterthur,Switzerland
CH-8404,"47,4992","8,7267",Winterthur,Switzerland
PL-50-001,"51,1100","17,0325",Wrocław,Poland
PL-50-002,"51,1100","17,0325",Wrocław,Poland
PL-50-003,"51,1100","17,0325",Wrocław,Poland
PL-50-004,"51,1100","17,0325",Wrocław,Poland
PL-50-005,"51,1100","17,0325",Wrocław,Poland
DE-42103,"51,2667","7,1833",Wuppertal,Germany
DE-42105,"51,2667","7,1833",Wuppertal,Germany
DE-42107,"51,2667","7,1833",Wuppertal,Germany
DE-42109,"51,2667","7,1833",Wuppertal,Germany
DE-42111,"51,2667","7,1833",Wuppertal,Germany
NL-1501,"52,4571","4,7510",Zaanstad,Netherlands
NL-1502,"52,4571","4,7510",Zaanstad,Netherlands
NL-1503,"52,4571","4,7510",Zaanstad,Netherlands
NL-1504,"52,4571","4,7510",Zaanstad,Netherlands
NL-1505,"52,4571","4,7510",Zaanstad,Netherlands
HR-10000,"45,8150","15,9819",Zagreb,Croatia
HR-10010,"45,8150","15,9819",Zagreb,Croatia
HR-10020,"45,8150","15,9819",Zagreb,Croatia
HR-10030,"45,8150","15,9819",Zagreb,Croatia
HR-10040,"45,8150","15,9819",Zagreb,Croatia
ES-50001,"41,6500","-0,8833",Zaragoza,Spain
ES-50002,"41,6500","-0,8833",Zaragoza,Spain
ES-50003,"41,6500","-0,8833",Zaragoza,Spain
ES-50004,"41,6500","-0,8833",Zaragoza,Spain
ES-50005,"41,6500","-0,8833",Zaragoza,Spain
CH-8001,"47,3744","8,5411",Zurich,Switzerland
CH-8002,"47,3744","8,5411",Zurich,Switzerland
CH-8003,"47,3744","8,5411",Zurich,Switzerland
CH-8004,"47,3744","8,5411",Zurich,Switzerland
CH-8005,"47,3744","8,5411",Zurich,Switzerland
NL-1811,"52,6289","4,7440",Alkmaar,Netherlands
NL-1812,"52,6289","4,7440",Alkmaar,Netherlands
NL-1813,"52,6289","4,7440",Alkmaar,Netherlands
NL-1814,"52,6289","4,7440",Alkmaar,Netherlands
NL-1815,"52,6289","4,7440",Alkmaar,Netherlands
FR-80000,"49,8919","2,2978",Amiens,France
FR-80080,"49,8919","2,2978",Amiens,France
FR-80090,"49,8919","2,2978",Amiens,France
FR-80100,"49,8919","2,2978",Amiens,France
FR-80110,"49,8919","2,2978",Amiens,France
AT-2500,"48,0075","16,2344",Baden bei Wien,Austria
AT-2501,"48,0075","16,2344",Baden bei Wien,Austria
AT-2502,"48,0075","16,2344",Baden bei Wien,Austria
AT-2503,"48,0075","16,2344",Baden bei Wien,Austria
AT-2504,"48,0075","16,2344",Baden bei Wien,Austria
CH-6500,"46,1956","9,0238",Bellinzona,Switzerland
CH-6501,"46,1956","9,0238",Bellinzona,Switzerland
CH-6503,"46,1956","9,0238",Bellinzona,Switzerland
CH-6504,"46,1956","9,0238",Bellinzona,Switzerland
CH-6506,"46,1956","9,0238",Bellinzona,Switzerland
BE-9120,"51,2000","4,2500",Beveren,Belgium
BE-9121,"51,2000","4,2500",Beveren,Belgium
BE-9122,"51,2000","4,2500",Beveren,Belgium
BE-9123,"51,2000","4,2500",Beveren,Belgium
BE-9124,"51,2000","4,2500",Beveren,Belgium
AT-6900,"47,5050","9,7492",Bregenz,Austria
AT-6901,"47,5050","9,7492",Bregenz,Austria
AT-6902,"47,5050","9,7492",Bregenz,Austria
AT-6903,"47,5050","9,7492",Bregenz,Austria
AT-6904,"47,5050","9,7492",Bregenz,Austria
NL-2611,"52,0117","4,3592",Delft,Netherlands
NL-2612,"52,0117","4,3592",Delft,Netherlands
NL-2613,"52,0117","4,3592",Delft,Netherlands
NL-2614,"52,0117","4,3592",Delft,Netherlands
NL-2615,"52,0117","4,3592",Delft,Netherlands
NL-7411,"52,2500","6,2000",Deventer,Netherlands
NL-7412,"52,2500","6,2000",Deventer,Netherlands
NL-7413,"52,2500","6,2000",Deventer,Netherlands
NL-7414,"52,2500","6,2000",Deventer,Netherlands
NL-7415,"52,2500","6,2000",Deventer,Netherlands
NL-3311,"51,7958","4,6783",Dordrecht,Netherlands
NL-3312,"51,7958","4,6783",Dordrecht,Netherlands
NL-3313,"51,7958","4,6783",Dordrecht,Netherlands
NL-3314,"51,7958","4,6783",Dordrecht,Netherlands
NL-3315,"51,7958","4,6783",Dordrecht,Netherlands
NL-6711,"52,0500","5,6667",Ede,Netherlands
NL-6712,"52,0500","5,6667",Ede,Netherlands
NL-6713,"52,0500","5,6667",Ede,Netherlands
NL-6714,"52,0500","5,6667",Ede,Netherlands
NL-6715,"52,0500","5,6667",Ede,Netherlands
NL-7811,"52,7833","6,9000",Emmen,Netherlands
NL-7812,"52,7833","6,9000",Emmen,Netherlands
NL-7813,"52,7833","6,9000",Emmen,Netherlands
NL-7814,"52,7833","6,9000",Emmen,Netherlands
NL-7815,"52,7833","6,9000",Emmen,Netherlands
DE-99084,"50,9781","11,0292",Erfurt,Germany
DE-99085,"50,9781","11,0292",Erfurt,Germany
DE-99086,"50,9781","11,0292",Erfurt,Germany
DE-99087,"50,9781","11,0292",Erfurt,Germany
DE-99088,"50,9781","11,0292",Erfurt,Germany
AT-6800,"47,2381","9,5983",Feldkirch,Austria
AT-6801,"47,2381","9,5983",Feldkirch,Austria
AT-6802,"47,2381","9,5983",Feldkirch,Austria
AT-6803,"47,2381","9,5983",Feldkirch,Austria
AT-6804,"47,2381","9,5983",Feldkirch,Austria
NO-1604,"59,2205","10,9344",Fredrikstad/Sarpsborg,Norway
NO-1605,"59,2205","10,9344",Fredrikstad/Sarpsborg,Norway
NO-1606,"59,2205","10,9344",Fredrikstad/Sarpsborg,Norway
NO-1607,"59,2205","10,9344",Fredrikstad/Sarpsborg,Norway
NO-1608,"59,2205","10,9344",Fredrikstad/Sarpsborg,Norway
DE-79098,"47,9950","7,8500",Freiburg im Breisgau,Germany
DE-79099,"47,9950","7,8500",Freiburg im Breisgau,Germany
DE-79100,"47,9950","7,8500",Freiburg im Breisgau,Germany
DE-79101,"47,9950","7,8500",Freiburg im Breisgau,Germany
DE-79102,"47,9950","7,8500",Freiburg im Breisgau,Germany
CH-1700,"47,9950","7,8500",Fribourg,Switzerland
CH-1701,"47,9950","7,8500",Fribourg,Switzerland
CH-1702,"47,9950","7,8500",Fribourg,Switzerland
CH-1703,"47,9950","7,8500",Fribourg,Switzerland
CH-1704,"47,9950","7,8500",Fribourg,Switzerland
BE-3600,"50,9662","5,5021",Genk,Belgium
BE-3601,"50,9662","5,5021",Genk,Belgium
BE-3602,"50,9662","5,5021",Genk,Belgium
BE-3603,"50,9662","5,5021",Genk,Belgium
BE-3604,"50,9662","5,5021",Genk,Belgium
DE-58089,"51,3594","7,4750",Hagen,Germany
DE-58091,"51,3594","7,4750",Hagen,Germany
DE-58093,"51,3594","7,4750",Hagen,Germany
DE-58095,"51,3594","7,4750",Hagen,Germany
DE-58097,"51,3594","7,4750",Hagen,Germany
DE-6108,"51,4828","11,9697",Halle (Saale),Germany
DE-6110,"51,4828","11,9697",Halle (Saale),Germany
DE-6112,"51,4828","11,9697",Halle (Saale),Germany
DE-6114,"51,4828","11,9697",Halle (Saale),Germany
DE-6116,"51,4828","11,9697",Halle (Saale),Germany
DE-59063,"51,6667","7,8167",Hamm,Germany
DE-59065,"51,6667","7,8167",Hamm,Germany
DE-59067,"51,6667","7,8167",Hamm,Germany
DE-59069,"51,6667","7,8167",Hamm,Germany
DE-59071,"51,6667","7,8167",Hamm,Germany
SE-551 11,"57,7833","14,1667",Jönköping,Sweden
SE-551 12,"57,7833","14,1667",Jönköping,Sweden
SE-551 13,"57,7833","14,1667",Jönköping,Sweden
SE-551 14,"57,7833","14,1667",Jönköping,Sweden
SE-551 15,"57,7833","14,1667",Jönköping,Sweden
DE-34117,"51,3158","9,4979",Kassel,Germany
DE-34119,"51,3158","9,4979",Kassel,Germany
DE-34121,"51,3158","9,4979",Kassel,Germany
DE-34123,"51,3158","9,4979",Kassel,Germany
DE-34125,"51,3158","9,4979",Kassel,Germany
AT-3400,"48,3042","16,3167",Klosterneuburg,Austria
AT-3401,"48,3042","16,3167",Klosterneuburg,Austria
AT-3402,"48,3042","16,3167",Klosterneuburg,Austria
AT-3403,"48,3042","16,3167",Klosterneuburg,Austria
AT-3404,"48,3042","16,3167",Klosterneuburg,Austria
CH-3098,"46,9250","7,4153",Köniz,Switzerland
CH-3099,"46,9250","7,4153",Köniz,Switzerland
CH-3100,"46,9250","7,4153",Köniz,Switzerland
CH-3101,"46,9250","7,4153",Köniz,Switzerland
CH-3102,"46,9250","7,4153",Köniz,Switzerland
DE-47798,"51,3333","6,5667",Krefeld,Germany
DE-47799,"51,3333","6,5667",Krefeld,Germany
DE-47800,"51,3333","6,5667",Krefeld,Germany
DE-47801,"51,3333","6,5667",Krefeld,Germany
DE-47802,"51,3333","6,5667",Krefeld,Germany
NL-8911,"53,2000","5,7833",Leeuwarden,Netherlands
NL-8912,"53,2000","5,7833",Leeuwarden,Netherlands
NL-8913,"53,2000","5,7833",Leeuwarden,Netherlands
NL-8914,"53,2000","5,7833",Leeuwarden,Netherlands
NL-8915,"53,2000","5,7833",Leeuwarden,Netherlands
AT-8700,"47,3817","15,0972",Leoben,Austria
AT-8701,"47,3817","15,0972",Leoben,Austria
AT-8702,"47,3817","15,0972",Leoben,Austria
AT-8703,"47,3817","15,0972",Leoben,Austria
AT-8704,"47,3817","15,0972",Leoben,Austria
AT-4060,"48,2792","14,2528",Leonding,Austria
AT-4061,"48,2792","14,2528",Leonding,Austria
AT-4062,"48,2792","14,2528",Leonding,Austria
AT-4063,"48,2792","14,2528",Leonding,Austria
AT-4064,"48,2792","14,2528",Leonding,Austria
DE-51371,"51,0333","6,9833",Leverkusen,Germany
DE-51373,"51,0333","6,9833",Leverkusen,Germany
DE-51375,"51,0333","6,9833",Leverkusen,Germany
DE-51377,"51,0333","6,9833",Leverkusen,Germany
DE-51379,"51,0333","6,9833",Leverkusen,Germany
IT-57121,"43,5500","10,3167",Livorno,Italy
IT-57122,"43,5500","10,3167",Livorno,Italy
IT-57123,"43,5500","10,3167",Livorno,Italy
IT-57124,"43,5500","10,3167",Livorno,Italy
IT-57125,"43,5500","10,3167",Livorno,Italy
DE-23552,"53,8697","10,6864",Lübeck,Germany
DE-23554,"53,8697","10,6864",Lübeck,Germany
DE-23556,"53,8697","10,6864",Lübeck,Germany
DE-23558,"53,8697","10,6864",Lübeck,Germany
DE-23560,"53,8697","10,6864",Lübeck,Germany
DE-67059,"49,4811","8,4353",Ludwigshafen am Rhein,Germany
DE-67061,"49,4811","8,4353",Ludwigshafen am Rhein,Germany
DE-67063,"49,4811","8,4353",Ludwigshafen am Rhein,Germany
DE-67065,"49,4811","8,4353",Ludwigshafen am Rhein,Germany
DE-67067,"49,4811","8,4353",Ludwigshafen am Rhein,Germany
DE-39104,"52,1317","11,6392",Magdeburg,Germany
DE-39106,"52,1317","11,6392",Magdeburg,Germany
DE-39108,"52,1317","11,6392",Magdeburg,Germany
DE-39110,"52,1317","11,6392",Magdeburg,Germany
DE-39112,"52,1317","11,6392",Magdeburg,Germany
PT-4470-000,"41,2333","-8,6167",Maia,Portugal
PT-4470-001,"41,2333","-8,6167",Maia,Portugal
PT-4470-002,"41,2333","-8,6167",Maia,Portugal
PT-4470-003,"41,2333","-8,6167",Maia,Portugal
PT-4470-004,"41,2333","-8,6167",Maia,Portugal
DE-55116,"49,9994","8,2736",Mainz,Germany
DE-55118,"49,9994","8,2736",Mainz,Germany
DE-55120,"49,9994","8,2736",Mainz,Germany
DE-55122,"49,9994","8,2736",Mainz,Germany
DE-55124,"49,9994","8,2736",Mainz,Germany
FR-57000,"49,1197","6,1769",Metz,France
FR-57050,"49,1197","6,1769",Metz,France
FR-57070,"49,1197","6,1769",Metz,France
FR-57080,"49,1197","6,1769",Metz,France
FR-57090,"49,1197","6,1769",Metz,France
BE-7700,"50,7444","3,2156",Mouscron,Belgium
BE-7711,"50,7444","3,2156",Mouscron,Belgium
BE-7712,"50,7444","3,2156",Mouscron,Belgium
BE-7713,"50,7444","3,2156",Mouscron,Belgium
BE-7714,"50,7444","3,2156",Mouscron,Belgium
DE-45468,"51,4275","6,8825",Mülheim an der Ruhr,Germany
DE-45470,"51,4275","6,8825",Mülheim an der Ruhr,Germany
DE-45472,"51,4275","6,8825",Mülheim an der Ruhr,Germany
DE-45473,"51,4275","6,8825",Mülheim an der Ruhr,Germany
DE-45475,"51,4275","6,8825",Mülheim an der Ruhr,Germany
GB-NG1,"52,9550","-1,1492",Nottingham,United Kingdom
GB-NG2,"52,9550","-1,1492",Nottingham,United Kingdom
GB-NG3,"52,9550","-1,1492",Nottingham,United Kingdom
GB-NG4,"52,9550","-1,1492",Nottingham,United Kingdom
GB-NG5,"52,9550","-1,1492",Nottingham,United Kingdom
DE-46045,"51,4699","6,8514",Oberhausen,Germany
DE-46047,"51,4699","6,8514",Oberhausen,Germany
DE-46049,"51,4699","6,8514",Oberhausen,Germany
DE-46051,"51,4699","6,8514",Oberhausen,Germany
DE-46053,"51,4699","6,8514",Oberhausen,Germany
DE-26121,"53,1439","8,2139",Oldenburg,Germany
DE-26122,"53,1439","8,2139",Oldenburg,Germany
DE-26123,"53,1439","8,2139",Oldenburg,Germany
DE-26125,"53,1439","8,2139",Oldenburg,Germany
DE-26127,"53,1439","8,2139",Oldenburg,Germany
HR-31000,"45,5603","18,6703",Osijek,Croatia
HR-31010,"45,5603","18,6703",Osijek,Croatia
HR-31020,"45,5603","18,6703",Osijek,Croatia
HR-31030,"45,5603","18,6703",Osijek,Croatia
HR-31040,"45,5603","18,6703",Osijek,Croatia
DE-49074,"52,2789","8,0431",Osnabrück,Germany
DE-49076,"52,2789","8,0431",Osnabrück,Germany
DE-49078,"52,2789","8,0431",Osnabrück,Germany
DE-49080,"52,2789","8,0431",Osnabrück,Germany
DE-49082,"52,2789","8,0431",Osnabrück,Germany
ES-33001,"43,3625","-5,8503",Oviedo,Spain
ES-33002,"43,3625","-5,8503",Oviedo,Spain
ES-33003,"43,3625","-5,8503",Oviedo,Spain
ES-33004,"43,3625","-5,8503",Oviedo,Spain
ES-33005,"43,3625","-5,8503",Oviedo,Spain
FR-66000,"42,6975","2,8947",Perpignan,France
FR-66100,"42,6975","2,8947",Perpignan,France
FR-66200,"42,6975","2,8947",Perpignan,France
FR-66300,"42,6975","2,8947",Perpignan,France
FR-66400,"42,6975","2,8947",Perpignan,France
DE-14467,"52,4000","13,0667",Potsdam,Germany
DE-14469,"52,4000","13,0667",Potsdam,Germany
DE-14471,"52,4000","13,0667",Potsdam,Germany
DE-14473,"52,4000","13,0667",Potsdam,Germany
DE-14476,"52,4000","13,0667",Potsdam,Germany
DE-18055,"54,0833","12,1333",Rostock,Germany
DE-18057,"54,0833","12,1333",Rostock,Germany
DE-18059,"54,0833","12,1333",Rostock,Germany
DE-18061,"54,0833","12,1333",Rostock,Germany
DE-18069,"54,0833","12,1333",Rostock,Germany
DE-66111,"49,2334","7,0006",Saarbrücken,Germany
DE-66113,"49,2334","7,0006",Saarbrücken,Germany
DE-66115,"49,2334","7,0006",Saarbrücken,Germany
DE-66117,"49,2334","7,0006",Saarbrücken,Germany
DE-66119,"49,2334","7,0006",Saarbrücken,Germany
CH-8200,"47,6965","8,6339",Schaffhausen,Switzerland
CH-8201,"47,6965","8,6339",Schaffhausen,Switzerland
CH-8202,"47,6965","8,6339",Schaffhausen,Switzerland
CH-8203,"47,6965","8,6339",Schaffhausen,Switzerland
CH-8204,"47,6965","8,6339",Schaffhausen,Switzerland
LT-76001,"55,9281","23,3167",Šiauliai,Lithuania
LT-76002,"55,9281","23,3167",Šiauliai,Lithuania
LT-76003,"55,9281","23,3167",Šiauliai,Lithuania
LT-76004,"55,9281","23,3167",Šiauliai,Lithuania
LT-76005,"55,9281","23,3167",Šiauliai,Lithuania
DE-42651,"51,1667","7,0833",Solingen,Germany
DE-42653,"51,1667","7,0833",Solingen,Germany
DE-42655,"51,1667","7,0833",Solingen,Germany
DE-42657,"51,1667","7,0833",Solingen,Germany
DE-42659,"51,1667","7,0833",Solingen,Germany
AT-4400,"48,0500","14,4167",Steyr,Austria
AT-4401,"48,0500","14,4167",Steyr,Austria
AT-4402,"48,0500","14,4167",Steyr,Austria
AT-4403,"48,0500","14,4167",Steyr,Austria
AT-4404,"48,0500","14,4167",Steyr,Austria
TR-59000,"40,9833","27,5167",Tekirdag,Turkey
TR-59010,"40,9833","27,5167",Tekirdag,Turkey
TR-59020,"40,9833","27,5167",Tekirdag,Turkey
TR-59030,"40,9833","27,5167",Tekirdag,Turkey
TR-59040,"40,9833","27,5167",Tekirdag,Turkey
CH-3600,"46,7590","7,6300",Thun,Switzerland
CH-3601,"46,7590","7,6300",Thun,Switzerland
CH-3602,"46,7590","7,6300",Thun,Switzerland
CH-3603,"46,7590","7,6300",Thun,Switzerland
CH-3604,"46,7590","7,6300",Thun,Switzerland
AT-4050,"48,2217","14,2397",Traun,Austria
AT-4051,"48,2217","14,2397",Traun,Austria
AT-4052,"48,2217","14,2397",Traun,Austria
AT-4053,"48,2217","14,2397",Traun,Austria
AT-4054,"48,2217","14,2397",Traun,Austria
DK-7100,"55,7083","9,5333",Vejle,Denmark
DK-7101,"55,7083","9,5333",Vejle,Denmark
DK-7102,"55,7083","9,5333",Vejle,Denmark
DK-7103,"55,7083","9,5333",Vejle,Denmark
DK-7104,"55,7083","9,5333",Vejle,Denmark
NL-5911,"51,3667","6,1667",Venlo,Netherlands
NL-5912,"51,3667","6,1667",Venlo,Netherlands
NL-5913,"51,3667","6,1667",Venlo,Netherlands
NL-5914,"51,3667","6,1667",Venlo,Netherlands
NL-5915,"51,3667","6,1667",Venlo,Netherlands
NL-2671,"52,0027","4,1759",Westland,Netherlands
NL-2672,"52,0027","4,1759",Westland,Netherlands
NL-2673,"52,0027","4,1759",Westland,Netherlands
NL-2674,"52,0027","4,1759",Westland,Netherlands
NL-2675,"52,0027","4,1759",Westland,Netherlands
AT-2700,"47,8167","16,2500",Wiener Neustadt,Austria
AT-2701,"47,8167","16,2500",Wiener Neustadt,Austria
AT-2702,"47,8167","16,2500",Wiener Neustadt,Austria
AT-2703,"47,8167","16,2500",Wiener Neustadt,Austria
AT-2704,"47,8167","16,2500",Wiener Neustadt,Austria
AT-9400,"46,8419","14,8408",Wolfsberg,Austria
AT-9401,"46,8419","14,8408",Wolfsberg,Austria
AT-9402,"46,8419","14,8408",Wolfsberg,Austria
AT-9403,"46,8419","14,8408",Wolfsberg,Austria
AT-9404,"46,8419","14,8408",Wolfsberg,Austria
SK-1001,"49,2167","18,7333",Žilina,Slovakia
SK-1002,"49,2167","18,7333",Žilina,Slovakia
SK-1003,"49,2167","18,7333",Žilina,Slovakia
SK-1004,"49,2167","18,7333",Žilina,Slovakia
SK-1005,"49,2167","18,7333",Žilina,Slovakia
CZ-76001,"49,2265","17,6706",Zlín,Czechia
CZ-76002,"49,2265","17,6706",Zlín,Czechia
CZ-76003,"49,2265","17,6706",Zlín,Czechia
CZ-76004,"49,2265","17,6706",Zlín,Czechia
CZ-76005,"49,2265","17,6706",Zlín,Czechia
NL-8011,"52,5167","6,1000",Zwolle,Netherlands
NL-8012,"52,5167","6,1000",Zwolle,Netherlands
NL-8013,"52,5167","6,1000",Zwolle,Netherlands
NL-8014,"52,5167","6,1000",Zwolle,Netherlands
NL-8015,"52,5167","6,1000",Zwolle,Netherlands
